Modelos activos: 10 (sprinter-313-413, sprinter-315, sprinter-415, sprinter-515, sprinter-516, sprinter-514, sprinter-414, sprinter-416, sprinter-906, sprinter-907)
Con foto repetida (visibles): 346 | a procesar ahora: 346
[1/346] AM. M. BENZ SPRINTER 97/...  POST 308/310/311/312/313 (OEM: AC 30911)
    query: AC30911 sprinter
      -> OK: https://images.tcdn.com.br/img/img_prod/673340/ac_30911_amortecedor_tras_sprinter_01_97_tds_nakata_12162_1_efe177629ec48155a97844befe1f1329.jpg (www.autopecasmolina.com.br)
[2/346] AM. M. BENZ SPRINTER DELT. 413 (OEM: 026 623 0008)
    query: 0266230008 sprinter
      3 rechazados por validación de título
      -> OK: https://cdn.autodoc.de/thumb?id=16007197&m=0&n=0&lng=es&rev=94078066 (www.autodoc.es)
[3/346] AM. M.BENZ SPRINTER 413 P.13/18 (OEM: 66417)
    query: 66417 sprinter
      1 rechazados por validación de título
      -> OK: https://i.ebayimg.com/images/g/vagAAOSwSyRmyQb9/s-l1200.jpg (www.ebay.com)
[4/346] AM. M.BENZ SPRINTER 415  P.13/18 (OEM: 66415)
    query: 66415 sprinter
      3 rechazados por validación de título
      -> OK: https://cdn.shopify.com/s/files/1/0637/7501/5144/products/BCZC_66415_P04_FRO_2c9664f0-0d0d-4872-9f87-1367655b9010.jpg?v=1703904224 (www.shockwarehouse.com)
[5/346] AM. M.BENZ SPRINTER 515 P. 4/12 (OEM: 66414)
    query: 66414 sprinter
      4 rechazados por validación de título
      -> OK: https://www.shockwarehouse.com/cdn/shop/products/BCZC_66414_P04_FRO_44a411d5-85c3-4ef0-9dd6-85f3ebb35729.jpg?v=1703904226 (www.shockwarehouse.com)
[6/346] AMORT CONV POS SPRINTER 415 (OEM: SA1306)
    query: SA1306 sprinter
      10 rechazados por validación de título
    query: ASA1306 sprinter
      10 rechazados por validación de título
    query: SA1306 AMORT CONV POS SPRINTER 415
      9 rechazados por validación de título
      -> OK: https://http2.mlstatic.com/D_NQ_NP_920492-MPE81964022215_012025-O.webp (www.mercadolibre.com.pe)
[7/346] AMORT.POST SPRINTER 515 (OEM: SA1301)
    query: SA1301 sprinter
      10 rechazados por validación de título
    query: ASA1301 sprinter
      10 rechazados por validación de título
    query: SA1301 AMORT POST SPRINTER 515
      10 rechazados por validación de título
    query: AMORT POST SPRINTER 515 mercedes sprinter repuesto
      7 rechazados por validación de título
      -> OK: https://http2.mlstatic.com/D_NQ_NP_850996-MPE92779862986_092025-O.webp (www.mercadolibre.com.pe)
[8/346] AMORTIGUADOR DELANTERO SPRINTER 313 (OEM: 026 623 0001)
    query: 0266230001 sprinter
      3 rechazados por validación de título
      -> OK: https://images.prom.ua/2167279268_w1280_h640_2167279268.jpg (sprinter.lt.ua)
[9/346] AMORTIGUADOR DELANTERO SPRINTER 315/415 (OEM: 026 623 0010)
    query: 0266230010 sprinter
      2 rechazados por validación de título
      -> OK: https://www.ws-autoteile.com/img/MEYLE_STOSSDAEMPFER_0266230010_UNI423W127_201905201223_99.jpg (www.ws-autoteile.com)
[10/346] AMORTIGUADOR DELANTERO SPRINTER 315/415 (OEM: 750418801 FREY)
    query: 750418801FREY sprinter
      10 rechazados por validación de título
    query: "750418801 FREY"
      10 rechazados por validación de título
    query: A750418801FREY sprinter
      10 rechazados por validación de título
    query: 750418801FREY AMORTIGUADOR DELANTERO SPRINTER 315 415
      5 rechazados por validación de título
      -> OK: https://http2.mlstatic.com/D_NQ_NP_854924-MPE81691407136_012025-O.webp (www.mercadolibre.com.pe)
[11/346] AMORTIGUADOR POSTERIOR SPRINTER 315-415 (OEM: 026 725 0017)
    query: 0267250017 sprinter
      4 rechazados por validación de título
      -> OK: https://i.avtopro.es/img/pi/MEYLE/0267250017/meyle-0267250017-p9977fe.jpg (avtopro.es)
[12/346] AMORTIGUADOR POSTERIOR SPRINTER 315/415 (OEM: 750415501 FREY 1)
    query: 750415501FREY1 sprinter
      9 rechazados por validación de título
      -> OK: https://www.repuestosallende.pe/_next/image?url=https%3A%2F%2Fpub-ffd42694eda64a2f8f58d0f4b85d68be.r2.dev%2Fproductos%2Fffae9556-8924-4c17-93ec-5ebbc5a36ad2.jpg%3Fv%3D1782885147&w=3840&q=75 (www.repuestosallende.pe)
[13/346] AMORTIGUADOR POSTERIOR SPRINTER 515 (OEM: 9063260000 MECH)
    query: 9063260000MECH sprinter
      10 rechazados por validación de título
    query: "9063260000 MECH"
      4 rechazados por validación de título
    query: A9063260000MECH sprinter
      10 rechazados por validación de título
    query: 9063260000MECH AMORTIGUADOR POSTERIOR SPRINTER 515
      9 rechazados por validación de título
      -> OK: https://http2.mlstatic.com/D_NQ_NP_957360-MLA112259224761_052026-O.webp (www.mercadolibre.com.ar)
[14/346] AMORTIGUADOR POSTERIOR SPRINTER 515 (OEM: 026 725 0018)
    query: 0267250018 sprinter
      5 rechazados por validación de título
      -> OK: https://www.ws-autoteile.com/img/MEYLE_STOSSDAEMPFER_0267250018_UNI001W601_202305311707_99.jpg (www.ws-autoteile.com)
[15/346] ANILLOS 050 M.BENZ SPRINTER 2.7L OM 611 SPRINTER 313/413 0.50 (OEM: 80 00480 1 0 050 KS)
    query: 800048010050KS sprinter
      10 rechazados por validación de título
    query: "80 00480 1 0 050 KS"
      5 rechazados por validación de título
      -> OK: https://www.repuestosallende.pe/_next/image?url=https%3A%2F%2Fpub-ffd42694eda64a2f8f58d0f4b85d68be.r2.dev%2Fproductos%2Fffae9556-8924-4c17-93ec-5ebbc5a36ad2.jpg%3Fv%3D1782885147&w=3840&q=75 (www.repuestosallende.pe)
[16/346] ANILLOS MOTOR M. BENZ SPRINTER OM651 315/415/515 83,25 mm (OEM: 80 007461 0 025 KS)
    query: 800074610025KS sprinter
      10 rechazados por validación de título
    query: "80 007461 0 025 KS"
      7 rechazados por validación de título
    query: A800074610025KS sprinter
      10 rechazados por validación de título
    query: 800074610025KS ANILLOS MOTOR M BENZ SPRINTER OM651 315 415 515 83 25 mm
      6 rechazados por validación de título
      -> OK: https://i.ebayimg.com/images/g/5sgAAeSwfWxpgWIi/s-l1200.webp (py.ebay.com)
[17/346] ANILLOS STD M.BENZ SPRINTER OM 611 SPRINTER 313/413 STD (OEM: 80 00480 1 0 000 KS)
    query: 800048010000KS sprinter
      10 rechazados por validación de título
    query: "80 00480 1 0 000 KS"
      6 rechazados por validación de título
    query: A800048010000KS sprinter
      10 rechazados por validación de título
    query: 800048010000KS ANILLOS STD M BENZ SPRINTER OM 611 SPRINTER 313 413 STD
      5 rechazados por validación de título
      -> OK: https://http2.mlstatic.com/D_NQ_NP_723157-MLV74201258523_012024-O.webp (articulo.mercadolibre.com.ve)
[18/346] ARBOL DE LEVAS M. BENZ SPRINTER OM651 315/415/515 (OEM: 50 007 671 KS)
    query: 50007671KS sprinter
      10 rechazados por validación de título
    query: "50 007 671 KS"
      7 rechazados por validación de título
    query: A50007671KS sprinter
      10 rechazados por validación de título
    query: 50007671KS ARBOL DE LEVAS M BENZ SPRINTER OM651 315 415 515
      6 rechazados por validación de título
      -> OK: https://http2.mlstatic.com/D_NQ_NP_726589-MLA103754133571_012026-O.webp (www.mercadolibre.com.ar)
[19/346] ARBOL DE LEVAS M. BENZ SPRINTER OM651 315/415/515 (OEM: 50 007 672 KS)
    query: 50007672KS sprinter
      10 rechazados por validación de título
    query: "50 007 672 KS"
      7 rechazados por validación de título
    query: A50007672KS sprinter
      10 rechazados por validación de título
    query: 50007672KS ARBOL DE LEVAS M BENZ SPRINTER OM651 315 415 515
      6 rechazados por validación de título
      -> OK: https://http2.mlstatic.com/D_NQ_NP_866425-MLA103754133575_012026-O.webp (www.mercadolibre.com.ar)
[20/346] ARO DE RUEDA SPRINTER  906  515/516 (OEM: 002 401 0102)
    query: 0024010102 sprinter
      4 rechazados por validación de título
      -> OK: http://www.hubcaphaven.com/mm5/graphics/00000001/2013_sprinter_dually_rim_lg.jpg (www.hubcaphaven.com)
[21/346] ARO DE SPRINTER (42x42x20.5 CM) 313 (OEM: 9034010802)
    query: 9034010802 sprinter
      2 rechazados por validación de título
      -> OK: https://cdn02.plentyone.com/87i1kwbq7we2/item/images/65686/middle/IMG-0946.JPG (www.rzo24.de)
[22/346] ARO SPRINTER (43x43x21 CM) 515 (OEM: 9044000002)
    query: 9044000002 sprinter
      1 rechazados por validación de título
      -> OK: https://http2.mlstatic.com/D_NQ_NP_696341-MLM95678219299_102025-O.webp (www.mercadolibre.com.mx)
[23/346] BIELA M. BENZ SPRINTER OM611 313/413 (OEM: 200 603 611 00)
    query: 20060361100 sprinter
      5 rechazados por validación de título
      -> OK: https://media.autodoc.de/360_photos/8282586/h-preview.jpg (www.autodoc.es)
[24/346] BOBINA DE MUELLE POSTERIOR DELANTERO SPRINTER 415  Ext. 63X 12,5X 80 (OEM: R-3482 SR)
    query: R3482SR sprinter
      10 rechazados por validación de título
    query: "R-3482 SR"
      4 rechazados por validación de título
    query: AR3482SR sprinter
      10 rechazados por validación de título
    query: R3482SR BOBINA DE MUELLE POSTERIOR DELANTERO SPRINTER 415 Ext 63X 12 5X 80
      10 rechazados por validación de título
    query: 0050 sprinter
      10 rechazados por validación de título
    SIN RESULTADOS
[25/346] BOC. MUELLES POST. M. BENZ SPRINTER 313 /413 (OEM: 034 032 0043)
    query: 0340320043 sprinter
      10 rechazados por validación de título
    query: "034 032 0043"
      10 rechazados por validación de título
    query: A0340320043 sprinter
      10 rechazados por validación de título
    query: 0340320043 BOC MUELLES POST M BENZ SPRINTER 313 413
      10 rechazados por validación de título
    query: 4040074116725 sprinter
      10 rechazados por validación de título
    SIN RESULTADOS
[26/346] BOCAMASA POST. M. BENZ SPRINTER 315/415/515 OM651 (OEM: 014 750 0007)
    query: 0147500007 sprinter
      4 rechazados por validación de título
      -> OK: https://www.ws-autoteile.com/img/MEYLE_RADNABE_0147500007_UNI401W970_202309261106_99.jpg (www.ws-autoteile.com)
[27/346] BOCAMAZA POST. M.BENZ SPRINTER 315/415/515 (OEM: A9063500249)
    query: A9063500249 sprinter
      3 rechazados por validación de título
      -> OK: https://i.ebayimg.com/images/g/rvcAAOSww5Rj7moG/s-l1200.jpg (www.ebay.co.uk)
[28/346] BOCINA BARRA ESTABILIZADORA DELANTERA/POSTERIOR SPRINTER 515/LO915 (OEM: R-3884)
    query: R3884 sprinter
      9 rechazados por validación de título
      -> OK: https://www.repuestosallende.pe/_next/image?url=https%3A%2F%2Fpub-ffd42694eda64a2f8f58d0f4b85d68be.r2.dev%2Fproductos%2Fffae9556-8924-4c17-93ec-5ebbc5a36ad2.jpg%3Fv%3D1782885147&w=3840&q=75 (www.repuestosallende.pe)
[29/346] BOCINA BARRA ESTABILIZADORA M. BENZ SPRINTER 515 (OEM: R-3385 SR)
    query: R3385SR sprinter
      10 rechazados por validación de título
    query: "R-3385 SR"
      4 rechazados por validación de título
    query: AR3385SR sprinter
      10 rechazados por validación de título
    query: R3385SR BOCINA BARRA ESTABILIZADORA M BENZ SPRINTER 515
      6 rechazados por validación de título
      -> OK: https://http2.mlstatic.com/D_NQ_NP_975457-MPE76928304483_062024-O.webp (www.mercadolibre.com.pe)
[30/346] BOCINA BARRA ESTABILIZADORA POSTERIOR SPRINTER 313-413 (OEM: R-797 SR)
    query: 0350 sprinter
      6 rechazados por validación de título
      -> OK: https://i.ebayimg.com/images/g/E8wAAOSwx69m90bN/s-l400.jpg (www.ebay.com)
[31/346] BOCINA BARRA M. BENZ SPRINTER 515  - VW (OEM: 906 333 00.14)
    query: 9063330014 sprinter
      2 rechazados por validación de título
      -> OK: https://i.ebayimg.com/images/g/qYkAAOSwQ5BnBQ30/s-l1200.jpg (www.ebay.co.uk)
[32/346] BOCINA DE JEBE BARRA ESTABILIZADORA  SPRINTER 515 -LO914/915 (OEM: 667 320 00.73 EMP)
    query: 6673200073EMP sprinter
      10 rechazados por validación de título
    query: "667 320 00.73 EMP"
      4 rechazados por validación de título
    query: A6673200073EMP sprinter
      10 rechazados por validación de título
    query: 6673200073EMP BOCINA DE JEBE BARRA ESTABILIZADORA SPRINTER 515 LO914 915
      8 rechazados por validación de título
      -> OK: https://http2.mlstatic.com/D_NQ_NP_975457-MPE76928304483_062024-O.webp (www.mercadolibre.com.pe)
[33/346] BOCINA DE MUELLE POST PARTE DELANT SPRINTER 313  Ext. 50 X12,2 x 80mm (OEM: R-792 SR)
    query: 9013240250 sprinter
      2 rechazados por validación de título
      -> OK: https://http2.mlstatic.com/D_NQ_NP_646344-MLM111415715294_052026-O.webp (www.mercadolibre.com.mx)
[34/346] BOCINA DE MUELLE POST SPRINTER 313  Ext. 33mm x Int. 12,2mm x Comp. 80mm (OEM: R-791 SR)
    query: 9013240150 sprinter
      10 rechazados por validación de título
    query: BOCINA DE MUELLE POST SPRINTER 313 Ext 33mm x Int 12 2mm x Comp 80mm mercedes sprinter repuesto
      1 rechazados por validación de título
      -> OK: https://www.diveparts.com/wp-content/uploads/2020/05/3538115C1_DAYTON-1.jpg (www.diveparts.com)
[35/346] BOCINA DE MUELLE POSTERIOR  SPRINTER  313    Ext. 39mm x Int. 16,3mm x  80mm (OEM: R-788 SR)
    query: 0250 sprinter
      9 rechazados por validación de título
      -> OK: https://images.dealer.com/ddc/vehicles/2025/Mercedes-Benz/Sprinter%202500/Van/color/Graphite%20Gray-7224-62,63,63-640-en_US.jpg (www.mercedesbenzperu.com)
[36/346] BOCINA DE TRAPECIO SPRINTER 515  Ext. 52mm x Int. 14,2mm x Comp. 75mm (L) (OEM: R-3478 SR)
    query: R3478SR sprinter
      10 rechazados por validación de título
    query: "R-3478 SR"
      4 rechazados por validación de título
    query: AR3478SR sprinter
      10 rechazados por validación de título
    query: R3478SR BOCINA DE TRAPECIO SPRINTER 515 Ext 52mm x Int 14 2mm x Comp 75mm L
      7 rechazados por validación de título
      -> OK: https://http2.mlstatic.com/D_NQ_NP_721490-MPE79712342940_102024-O.webp (www.mercadolibre.com.pe)
[37/346] BOCINA DE TRAPECIO SPRINTER 515  Ext. 52mm x Int. 14,2mm x Comp. 75mm (R) (OEM: R-3480 SR)
    query: R3480SR sprinter
      9 rechazados por validación de título
      -> OK: https://www.repuestosallende.pe/_next/image?url=https%3A%2F%2Fpub-ffd42694eda64a2f8f58d0f4b85d68be.r2.dev%2Fproductos%2Fffae9556-8924-4c17-93ec-5ebbc5a36ad2.jpg%3Fv%3D1782885147&w=3840&q=75 (www.repuestosallende.pe)
[38/346] BOCINA TRAPECIO SPRINTER 313 /413   Ext. 44mm x Int. 14,1mm x Comp. 80mm (OEM: R-3225 SR)
    query: R3225SR sprinter
      10 rechazados por validación de título
    query: "R-3225 SR"
      6 rechazados por validación de título
    query: AR3225SR sprinter
      10 rechazados por validación de título
    query: R3225SR BOCINA TRAPECIO SPRINTER 313 413 Ext 44mm x Int 14 1mm x Comp 80mm
      9 rechazados por validación de título
      -> OK: https://http2.mlstatic.com/D_NQ_NP_721490-MPE79712342940_102024-O.webp (www.mercadolibre.com.pe)
[39/346] BOMBA ACEITE M. BENZ SPRINTER 310/313/411/413  02/10 (OEM: NKBO-0525)
    query: NKBO0525 sprinter
      2 rechazados por validación de título
      -> OK: https://images.tcdn.com.br/img/img_prod/673340/nkbo_0525_bomba_oleo_sprinter_310_312_412_f_100_hsd_nakata_55861_1_4fdb6a08763ecd9b8dabf903433ef09b.jpg (www.autopecasmolina.com.br)
[40/346] BOMBA ACEITE M. BENZ SPRINTER 315/415/515 (OEM: 10.313)
    query: 10313 sprinter
      -> OK: https://http2.mlstatic.com/D_NQ_NP_658902-MLB101352142077_122025-O.webp (www.mercadolivre.com.br)
[41/346] BOMBA ACEITE M. BENZ SPRINTER OM651 315/415/515 (OEM: 7.07919.21.0)
    query: 707919210 sprinter
      -> OK: https://www.tagaautopartes.com.br/uploads/products/migrated-c50be28f-d26c-44b3-9668-ebc4fe6a963b-0-1772029746250.jpg (www.tagaautopartes.com.br)
[42/346] BOMBA AGUA M. BENZ SPRINTER 315/415/515 OM651 (OEM: 013 220 0022)
    query: 0132200022 sprinter
      7 rechazados por validación de título
      -> OK: https://cdn.autodoc.de/thumb?id=8561248&m=0&n=0&lng=es&rev=94077986 (www.autodoc.es)
[43/346] BOMBA AGUA M. BENZ SPRINTER OM611 311/313 02/09 (OEM: NKBA-05376)
    query: NKBA05376 sprinter
      1 rechazados por validación de título
      -> OK: http://www.maxcarsumegacentro.com/cdn/shop/files/Disenosintitulo-Photoroom-2024-04-27T135557.001.jpg?v=1714244206 (www.maxcarsumegacentro.com)
[44/346] BOMBA AGUA M. BENZ SPRINTER OM611 313/413 (OEM: 50 005 782 KS)
    query: 50005782KS sprinter
      10 rechazados por validación de título
    query: "50 005 782 KS"
      6 rechazados por validación de título
    query: A50005782KS sprinter
      10 rechazados por validación de título
    query: 50005782KS BOMBA AGUA M BENZ SPRINTER OM611 313 413
      5 rechazados por validación de título
      -> OK: https://http2.mlstatic.com/D_NQ_NP_688841-MPE78391905667_082024-O.webp (www.mercadolibre.com.pe)
[45/346] BOMBA AGUA M. BENZ SPRINTER OM651 315/415/515 (OEM: 7.07152.15.0 KS)
    query: 707152150KS sprinter
      8 rechazados por validación de título
      -> OK: https://http2.mlstatic.com/D_NQ_NP_991418-MLA109120137099_032026-O.webp (www.mercadolibre.com.mx)
[46/346] BOMBA DE FRENO SPRINTER 313 OM611 (OEM: 014 532 0001)
    query: 0145320001 sprinter
      7 rechazados por validación de título
      -> OK: https://www.ws-autoteile.com/img/MEYLE_HAUPTBREMSZYLINDER_0145320001_UNI103W286_202401251800_99.jpg (www.ws-autoteile.com)
[47/346] BOMBA DE FRENO SPRINTER 415 (OEM: 745403001 FREY)
    query: 745403001FREY sprinter
      10 rechazados por validación de título
    query: "745403001 FREY"
      7 rechazados por validación de título
    query: A745403001FREY sprinter
      10 rechazados por validación de título
    query: 745403001FREY BOMBA DE FRENO SPRINTER 415
      2 rechazados por validación de título
      -> OK: https://http2.mlstatic.com/D_NQ_NP_673319-MLA41167546617_032020-O.webp (www.mercadolibre.com.ar)
[48/346] BOMBA DE VACIO DE FRENOS M. BENZ SPRINTER OM611 313/413 (OEM: 7.24807.03.0)
    query: 724807030 sprinter
      3 rechazados por validación de título
      -> OK: https://i.ebayimg.com/images/g/UZQAAOSwuMFUZhjY/s-l400.jpg (www.ebay.com)
[49/346] BOMBA DIRECC.MBENZ SPRINTER 313-413 (OEM: PSP1044-CP)
    query: PSP1044 sprinter
      10 rechazados por validación de título
    query: APSP1044 sprinter
      10 rechazados por validación de título
    query: PSP1044 BOMBA DIRECC MBENZ SPRINTER 313 413
      8 rechazados por validación de título
      -> OK: https://http2.mlstatic.com/D_NQ_NP_783330-MLA80795409769_112024-O.webp (www.mercadolibre.com.ar)
[50/346] BOMBA DIRECCION  MB.SPRINTER 315-415- 515 (OEM: 7693 900 525)
    query: 7693900525 sprinter
      4 rechazados por validación de título
      -> OK: https://cdn.autodoc.de/thumb?id=23873427&m=0&n=0&lng=es&rev=94078001 (www.autodoc.es)
[51/346] BOMBA FREN M. BENZ SPRINTER 308/313/311 c/ABS y s/ABS 07/... (OEM: 745400801 FREY)
    query: 745400801FREY sprinter
      10 rechazados por validación de título
    query: "745400801 FREY"
      10 rechazados por validación de título
    query: A745400801FREY sprinter
      10 rechazados por validación de título
    query: 745400801FREY BOMBA FREN M BENZ SPRINTER 308 313 311 c ABS y s ABS 07
      5 rechazados por validación de título
      -> OK: https://http2.mlstatic.com/D_NQ_NP_744902-MLA83188817994_042025-O.webp (www.mercadolibre.com.ar)
[52/346] BOMBA FREN M. BENZ SPRINTER 308/313/311 c/ABS y s/ABS 07/... (OEM: 131-6 MEC)
    query: 1316MEC sprinter
      10 rechazados por validación de título
    query: "131-6 MEC"
      2 rechazados por validación de título
      -> OK: https://http2.mlstatic.com/D_NQ_NP_903278-MPE76658347188_062024-O.webp (www.mercadolibre.com.pe)
[53/346] BOMBA FREN M. BENZ SPRINTER 413 c/ABS y s/ABS 07/... (OEM: 131-7 MEC)
    query: 1317MEC sprinter
      10 rechazados por validación de título
    query: "131-7 MEC"
      1 rechazados por validación de título
      -> OK: https://http2.mlstatic.com/D_NQ_NP_697075-MPE76658331662_062024-O.webp (www.mercadolibre.com.pe)
[54/346] BOMBA FRENO M. BENZ SPRINTER 413 OM611 (OEM: 014 532 0002)
    query: 0145320002 sprinter
      6 rechazados por validación de título
      -> OK: https://cdn.autodoc.de/thumb?id=16007435&m=0&n=0&lng=en&rev=94078047 (www.autodoc.co.uk)
[55/346] BOMBA FRENO M. BENZ SPRINTER 415-515 (OEM: H26918.7.1)
    query: H2691871 sprinter
      9 rechazados por validación de título
      -> OK: https://cdn.autodoc.de/thumb?id=7820687&m=0&n=0&lng=es&rev=94077980 (www.autodoc.es)
[56/346] BOMBA HIDRAULICA DIR. M.BENZ SPRINTER 06/...OM651 (515). (OEM: 014 631 0020)
    query: 0146310020 sprinter
      2 rechazados por validación de título
      -> OK: https://avto100.in.ua/resource/img/newPhoto/2022-02-13/0146310020_MEYLE_4.jpg (avto100.in.ua)
[57/346] BOMBA RECIRCULACIÓN DE AGUA M. BENZ SPRINTER OM611 313/413 (OEM: 7.06740.02.0 KS)
    query: 706740020KS sprinter
      10 rechazados por validación de título
    query: "7.06740.02.0 KS"
      5 rechazados por validación de título
      -> OK: https://www.repuestosallende.pe/_next/image?url=https%3A%2F%2Fpub-ffd42694eda64a2f8f58d0f4b85d68be.r2.dev%2Fproductos%2Fffae9556-8924-4c17-93ec-5ebbc5a36ad2.jpg%3Fv%3D1782885147&w=3840&q=75 (www.repuestosallende.pe)
[58/346] BRAZO BARRA ESTAB. M. BENZ SPRINTER 515 (OEM: 906 320 18.89)
    query: 9063201889 sprinter
      3 rechazados por validación de título
      -> OK: https://www.autohausaz.com/images/LF-9063201889.jpg (www.ebay.com)
[59/346] BUJIAS INCAND M. BENZ SPRINTER 315/415/515 (OEM: CZ303 JP)
    query: 087295199701 sprinter
      10 rechazados por validación de título
    query: BUJIAS INCAND M BENZ SPRINTER 315 415 515 mercedes sprinter repuesto
      1 rechazados por validación de título
      -> OK: http://http2.mlstatic.com/D_931378-MLA88854598678_082025-C.jpg (listado.mercadolibre.com.ar)
[60/346] BUZOS DE MOTOR M. BENZ SPRINTER 3.5T (906) (OEM: 420022510)
    query: 420022510 sprinter
      5 rechazados por validación de título
      -> OK: https://cdn.autodoc.de/thumb?id=2384117&m=0&n=0&lng=es&rev=94078002 (www.autodoc.es)
[61/346] BUZOS DE MOTOR M. BENZ SPRINTER 313 OM611 (OEM: 420017010)
    query: 420017010 sprinter
      4 rechazados por validación de título
      -> OK: https://i.ebayimg.com/00/s/NzI1WDgwMA==/z/syYAAOSwPcVV1bqs/$_12.JPG (www.ebay.com)
[62/346] BUZOS DE MOTOR M. BENZ SPRINTER OM651 315 415 515 (OEM: 50 007 640 KS)
    query: 50007640KS sprinter
      10 rechazados por validación de título
    query: "50 007 640 KS"
      7 rechazados por validación de título
    query: A50007640KS sprinter
      10 rechazados por validación de título
    query: 50007640KS BUZOS DE MOTOR M BENZ SPRINTER OM651 315 415 515
      8 rechazados por validación de título
      -> OK: https://http2.mlstatic.com/D_NQ_NP_846217-MLA93827113121_092025-O.webp (articulo.mercadolibre.com.ar)
[63/346] CABLE CAJA CAMBIO SPRINTER 516 CDI (OEM: 90 700 cable)
    query: 90700cable sprinter
      7 rechazados por validación de título
      -> OK: https://i.ebayimg.com/images/g/P4gAAOSwO2RiveUl/s-l400.jpg (www.ebay.com)
[64/346] CABLE CAPOT M.BENZ SPRINTER 415 (OEM: 906 880 00.59 MB)
    query: 9068800059MB sprinter
      10 rechazados por validación de título
    query: "906 880 00.59 MB"
      2 rechazados por validación de título
      -> OK: https://www.repuestosallende.pe/_next/image?url=https%3A%2F%2Fpub-ffd42694eda64a2f8f58d0f4b85d68be.r2.dev%2Fproductos%2Fffae9556-8924-4c17-93ec-5ebbc5a36ad2.jpg%3Fv%3D1782885147&w=3840&q=75 (www.repuestosallende.pe)
[65/346] CABLE FRENO POST DER-IZQ SPRINTER 415 (OEM: 901 420 18.85C)
    query: 9014201885C sprinter
      10 rechazados por validación de título
    query: "901 420 18.85C"
      4 rechazados por validación de título
    query: A9014201885C sprinter
      6 rechazados por validación de título
      -> OK: https://cdn.spareto.com/variants/images/002/355/147/medium/converted-20230217-991433-1b3d2r1.jpg?1676671420 (spareto.com)
[66/346] CABLE PALANCA DE CAMBIO SPRINTER 515 (OEM: 906 260 2051)
    query: 9062602051 sprinter
      -> OK: https://www.tagaautopartes.com.br/_next/image?url=https%3A%2F%2Fwww.tagaautopartes.com.br%2Ffotos%2Ftestebr%2F512668.jpg&w=3840&q=75 (www.tagaautopartes.com.br)
[67/346] CADENA M.BENZ SPRINTER 515 (OEM: 553022410)
    query: 553022410 sprinter
      5 rechazados por validación de título
      -> OK: https://cdn.autodoc.de/thumb?id=9920333&m=0&n=0&lng=es&rev=94077992 (www.autodoc.es)
[68/346] CALIPER DELANTERO IZQR SPRINTER 313-413 (OEM: 02.35.244-CP)
    query: 0235244 sprinter
      8 rechazados por validación de título
      -> OK: https://cdn.autodoc.de/thumb?id=15014328&m=0&n=0&lng=en&rev=94078047 (www.autodoc24.fr)
[69/346] CAMISA M. BENZ SPRINTER OM611 313/413 88.00mm (OEM: 89 866 190)
    query: 89866190 sprinter
      3 rechazados por validación de título
      -> OK: https://www.tagaautopartes.com.br/uploads/products/6e02126c31722882dc23de2f9b2c38d2.png (www.tagaautopartes.com.br)
[70/346] CIERRE DE PARACHOQUE DERECHO SPRINTER 315-415-515 (OEM: 795415201 FREY)
    query: 795415201FREY sprinter
      9 rechazados por validación de título
      -> OK: https://www.repuestosallende.pe/_next/image?url=https%3A%2F%2Fpub-ffd42694eda64a2f8f58d0f4b85d68be.r2.dev%2Fproductos%2Fffae9556-8924-4c17-93ec-5ebbc5a36ad2.jpg%3Fv%3D1782885147&w=3840&q=75 (www.repuestosallende.pe)
[71/346] CIERRE DE PARACHOQUE IZQUIERDO SPRINTER 315-415-515 (OEM: 795415101 FREY)
    query: 795415101FREY sprinter
      10 rechazados por validación de título
    query: "795415101 FREY"
      10 rechazados por validación de título
    query: A795415101FREY sprinter
      10 rechazados por validación de título
    query: 795415101FREY CIERRE DE PARACHOQUE IZQUIERDO SPRINTER 315 415 515
      10 rechazados por validación de título
    query: 9068890014 sprinter
      10 rechazados por validación de título
    SIN RESULTADOS
[72/346] CIGUEÑAL M. BENZ SPRINTER OM611 313/413 (OEM: 200 503 611 00)
    query: 20050361100 sprinter
      6 rechazados por validación de título
      -> OK: https://truckdrive.ru/i/foto-bf-20050361100-val-kolenchatyi-mersedes-sprinter-dvigatel-om611.jpg (truckdrive.ru)
[73/346] CILINDRO EMBRAGUE M. BENZ SPRINTER 312/313/413 (OEM: 014 142 00.03)
    query: 0141420003 sprinter
      2 rechazados por validación de título
      -> OK: https://cdn.autodoc.de/thumb?id=1887231&m=0&n=0&lng=es&rev=94078047 (www.autodoc.es)
[74/346] CILINDRO EMBRAGUE M. BENZ SPRINTER 315/415/515 (OEM: 014 142 0002)
    query: 0141420002 sprinter
      10 rechazados por validación de título
    query: "014 142 0002"
      9 rechazados por validación de título
      -> OK: https://www.repuestosallende.pe/_next/image?url=https%3A%2F%2Fpub-ffd42694eda64a2f8f58d0f4b85d68be.r2.dev%2Fproductos%2Fffae9556-8924-4c17-93ec-5ebbc5a36ad2.jpg%3Fv%3D1782885147&w=3840&q=75 (www.repuestosallende.pe)
[75/346] CILINDRO MAESTRO EMB. M. BENZ SPRINTER OM515/415   VW (OEM: 9062900112)
    query: 9062900112 sprinter
      2 rechazados por validación de título
      -> OK: https://i.ebayimg.com/images/g/6aIAAOSwTqhlrheW/s-l1200.jpg (www.ebay.com)
[76/346] CORREAS M. BENZ SPRINTER 313/413 (OEM: 6PK-2272-C)
    query: 6PK2272C sprinter
      9 rechazados por validación de título
      -> OK: https://www.repuestosallende.pe/_next/image?url=https%3A%2F%2Fpub-ffd42694eda64a2f8f58d0f4b85d68be.r2.dev%2Fproductos%2Fffae9556-8924-4c17-93ec-5ebbc5a36ad2.jpg%3Fv%3D1782885147&w=3840&q=75 (www.repuestosallende.pe)
[77/346] CORREAS M. BENZ SPRINTER 315/415/515 (OEM: 6PK-2215-C AL)
    query: 6PK2215CAL sprinter
      10 rechazados por validación de título
    query: "6PK-2215-C AL"
      5 rechazados por validación de título
      -> OK: https://www.repuestosallende.pe/_next/image?url=https%3A%2F%2Fpub-ffd42694eda64a2f8f58d0f4b85d68be.r2.dev%2Fproductos%2Fffae9556-8924-4c17-93ec-5ebbc5a36ad2.jpg%3Fv%3D1782885147&w=3840&q=75 (www.repuestosallende.pe)
[78/346] CORREAS M. BENZ SPRINTER 315/415/515 (OEM: 6PK-1140 BA)
    query: 6PK1140BA sprinter
      10 rechazados por validación de título
    query: "6PK-1140 BA"
      10 rechazados por validación de título
    query: A6PK1140BA sprinter
      10 rechazados por validación de título
    query: 6PK1140BA CORREAS M BENZ SPRINTER 315 415 515
      10 rechazados por validación de título
    query: CORREAS M BENZ SPRINTER 315 415 515 mercedes sprinter repuesto
      8 rechazados por validación de título
      -> OK: https://http2.mlstatic.com/D_Q_NP_2X_668124-MLA102294435067_122025-T.webp (listado.mercadolibre.com.ar)
[79/346] CORREAS M. BENZ SPRINTER 416/516 2020/... (OEM: 721605801 FREY)
    query: 721605801FREY sprinter
      10 rechazados por validación de título
    query: "721605801 FREY"
      10 rechazados por validación de título
    query: A721605801FREY sprinter
      10 rechazados por validación de título
    query: 721605801FREY CORREAS M BENZ SPRINTER 416 516 2020
      10 rechazados por validación de título
    query: 6PK2100 sprinter
      9 rechazados por validación de título
      -> OK: https://http2.mlstatic.com/D_NQ_NP_818653-MPE89537070384_082025-O.webp (www.mercadolibre.com.pe)
[80/346] CORREAS M. BENZ SPRINTER 516 2020/... (OEM: 6PK-2100 BA)
    query: 6PK2100BA sprinter
      7 rechazados por validación de título
      -> OK: https://http2.mlstatic.com/D_NQ_NP_845286-MPE83183133374_042025-O.webp (www.mercadolibre.com.pe)
[81/346] CRUCETA PARA EL SPRINTER 313 (OEM: TK112)
    query: CRUCETA PARA EL SPRINTER 313 mercedes sprinter repuesto
      -> OK: https://cdn.autodoc.de/thumb?id=23841241&m=0&n=0&lng=es&rev=94078063 (www.autodoc.es)
[82/346] CRUZETA SPRINTER 415 27X82 (OEM: CARCR-PR38 CP-CP)
    query: CRUZETA SPRINTER 415 27X82 mercedes sprinter repuesto
      3 rechazados por validación de título
      -> OK: https://http2.mlstatic.com/D_NQ_NP_742511-MLA110616480155_042026-O.webp (www.mercadolibre.com.ar)
[83/346] CUBIERTA O CARCASA DEL ESPEJO RETROVISOR EXTERIOR IZQUIERDO SPRINTER 313/413 (OEM: 792007801 FREY)
    query: 792007801FREY sprinter
      10 rechazados por validación de título
    query: "792007801 FREY"
      10 rechazados por validación de título
    query: A792007801FREY sprinter
      10 rechazados por validación de título
    query: 792007801FREY CUBIERTA O CARCASA DEL ESPEJO RETROVISOR EXTERIOR IZQUIERDO SPRINTER 313 413
      10 rechazados por validación de título
    query: 9018110207 sprinter
      10 rechazados por validación de título
    SIN RESULTADOS
[84/346] DAMPER DE CIGUERÑAL OM651 SPRINTER 516 (OEM: 651 035 2412)
    query: 6510352412 sprinter
      3 rechazados por validación de título
      -> OK: https://www.eymenmotorluaraclar.com/uploads/urunler/A6510352412.jpg (www.eymenmotorluaraclar.com)
[85/346] DISCO DE FRENO DELANTERO  SPRINTER 313/413 (OEM: 083 521 2032)
    query: 0835212032 sprinter
      6 rechazados por validación de título
      -> OK: https://http2.mlstatic.com/D_NQ_NP_678514-MPE105981360288_022026-O.webp (www.mercadolibre.com.pe)
[86/346] DISCO DE FRENO DELANTERO SPRINTER 313-413 (OEM: 783 FRUM)
    query: 9024210612 sprinter
      5 rechazados por validación de título
      -> OK: https://www.cei.it/ecatalogue_webapp/scripts/readFileIntra/readDatasheetsFileIntra.php?file=215063_C02_R01_10887.jpg&tipo=IMG_Codici&nome=9024210612.jpg (www.cei.it)
[87/346] DISCO DE FRENO POST. SPRINTER 515 (OEM: D614C-GKD)
    query: DISCO DE FRENO POST SPRINTER 515 mercedes sprinter repuesto
      1 rechazados por validación de título
      -> OK: https://media.autodoc.de/360_photos/8003579/h-preview.jpg (www.autodoc.es)
[88/346] DISCO DE FRENO POSTERIOR SPRINTER 515 (OEM: 015 523 2099)
    query: 0155232099 sprinter
      3 rechazados por validación de título
      -> OK: https://fastoriginal.eu/katalog/wp-content/uploads/2025/07/1114293.jpeg (fastoriginal.eu)
[89/346] DISCO FRENO DELANT M. BENZ SPRINTER 315/415/515 10/...VW CRAFTER (OEM: D614A GKD)
    query: 9064210012 sprinter
      5 rechazados por validación de título
      -> OK: https://www.autohausaz.com/images/FX-9064210012.jpg (www.ebay.com)
[90/346] DISCO FRENO M. BENZ SPRINTER 313 POST. 015 523 2031 (OEM: 015 523 2031)
    query: 0155232031 sprinter
      -> OK: https://bus-shop.com.ua/image/cache/catalog/0155232031/31615264-1200x800.jpeg (bus-shop.com.ua)
[91/346] DISCO FRENO M. BENZ SPRINTER 313/413 DEL VENT (OEM: D613 GKD)
    query: 9024210712 sprinter
      3 rechazados por validación de título
      -> OK: https://www.cei.it/ecatalogue_webapp/scripts/readFileIntra/readDatasheetsFileIntra.php?file=215064_C02_R01_5733.jpg&tipo=IMG_Codici&nome=9024210712.jpg (www.cei.it)
[92/346] DISCO FRENO M. BENZ SPRINTER 313/413 DELT. (OEM: 083 521 2032/PD)
    query: 0835212032PD sprinter
      7 rechazados por validación de título
      -> OK: https://images.prom.ua/5914722086_w640_h640_5914722086.jpg (v8-engine.com.ua)
[93/346] DISCO FRENO M. BENZ SPRINTER 313/413 DELT. OE 902 421 09 12 (OEM: 015 521 2032)
    query: 0155212032 sprinter
      -> OK: https://auto-legion.net/image/cache/catalog/image/product/vw/tormoznoj-disk-perednij-276kh22mm-mb-sprinter-208-416-1995-2006-0155212032-meyle-1200x800.jpg (auto-legion.net)
[94/346] DISCO FRENO M. BENZ SPRINTER 315/415 POST 015 523 2100 (OEM: 015 523 2100)
    query: 0155232100 sprinter
      -> OK: https://bus-shop.com.ua/image/catalog/0155232100/ws_serve_pic.jpeg (bus-shop.com.ua)
[95/346] DISCO FRENO M. BENZ SPRINTER 413 POST 015 523 00.23 (OEM: 015 523 0023)
    query: 0155230023 sprinter
      7 rechazados por validación de título
      -> OK: https://bus-shop.com.ua/image/catalog/0155230023/0155230023.jpg (bus-shop.com.ua)
[96/346] DISCO FRENO M. BENZ SPRINTER 515 DEL BD0190 (OEM: BD-0190)
    query: BD0190 sprinter
      -> OK: https://images.tcdn.com.br/img/img_prod/673340/disco_de_freio_dianteiro_ventilado_mercedes_benz_sprinter_2012_a_2014_bd0190_22458_1_96079f98777fd776875483473205c76e.jpg (www.autopecasmolina.com.br)
[97/346] DISCO FRENO M.BENZ SPRINTER 413 POST VENTIL  98/... (OEM: D615 GKD)
    query: 9044330212 sprinter
      8 rechazados por validación de título
      -> OK: https://i.ebayimg.com/00/s/MTYwMFgxNjAw/z/SgMAAOSwmtBbO2gd/$_57.JPG?set_id=8800005007 (www.ebay.co.uk)
[98/346] DISCO FRENO POST  M. BENZ SPRINTER  515 06/...VW CRAFTER SOLIDO (OEM: D614C GKD)
    query: A9064230412 sprinter
      -> OK: https://i.ebayimg.com/images/g/uocAAOSwPHNkMBWF/s-l1200.jpg (www.ebay.co.uk)
[99/346] DISCO FRENO SPRINTER 515  POST (OEM: BD0192)
    query: BD0192 sprinter
      3 rechazados por validación de título
      -> OK: https://media.autodoc.de/360_photos/8052395/h-preview.jpg (www.autodoc.es)
[100/346] EMBLEMA SPRINTER 315-415-515 (OEM: 790702201 FREY)
    query: 790702201FREY sprinter
      10 rechazados por validación de título
    query: "790702201 FREY"
      7 rechazados por validación de título
    query: A790702201FREY sprinter
      10 rechazados por validación de título
    query: 790702201FREY EMBLEMA SPRINTER 315 415 515
      8 rechazados por validación de título
      -> OK: https://http2.mlstatic.com/D_NQ_NP_906317-MLA69228430727_052023-O.webp (www.mercadolibre.com.ar)
[101/346] EMPAQUE ALTA M.BENZ SPRINTER 313 (OEM: 131.140-CP)
    query: 131140 sprinter
      8 rechazados por validación de título
      -> OK: https://www.ws-autoteile.com/img/ELRING_DICHTUNGSSATZ_ZYLINDERKOPF_131140_UNI643W427_202206170731_99.jpg (www.ws-autoteile.com)
[102/346] EMPAQUE CARTER OM651 SPRINTER 515 (OEM: 745.180)
    query: 745180 sprinter
      2 rechazados por validación de título
      -> OK: https://cdn.autodoc.de/thumb?id=10185659&m=0&n=0&lng=es&rev=94077976 (www.autodoc.es)
[103/346] EMPAQUE CULATA M. BENZ SPRINTER OM651 415/515 (OEM: 82651 SABO)
    query: 82651SABO sprinter
      10 rechazados por validación de título
    query: "82651 SABO"
      9 rechazados por validación de título
      -> OK: https://images.tcdn.com.br/files/1390094/themes/9/img/settings/mbp8-1757440353950-pipupminas.png?acc45e2cf0929fee6253c1075bac3094 (www.minaspecasltda.com.br)
[104/346] ENBLEMA SPRINTER 313 (OEM: 790702101)
    query: 790702101 sprinter
      10 rechazados por validación de título
    query: A790702101 sprinter
      10 rechazados por validación de título
    query: 790702101 ENBLEMA SPRINTER 313
      8 rechazados por validación de título
      -> OK: https://www.repuestosallende.pe/_next/image?url=https%3A%2F%2Fpub-ffd42694eda64a2f8f58d0f4b85d68be.r2.dev%2Fproductos%2Fffae9556-8924-4c17-93ec-5ebbc5a36ad2.jpg%3Fv%3D1782885147&w=3840&q=75 (www.repuestosallende.pe)
[105/346] ENFRIADOR ACEITE M. BENZ SPRINTER OM611 313/413 (OEM: 201 903 600 00)
    query: 20190360000 sprinter
      9 rechazados por validación de título
      -> OK: https://scdn.autodoc.de/catalog/categories/600x600/10208.png (www.autodoc.es)
[106/346] ENFRIADOR ACEITE M. BENZ SPRINTER OM651 315/415/515 (OEM: 201 903 651 00)
    query: 20190365100 sprinter
      5 rechazados por validación de título
      -> OK: https://media.autodoc.de/360_photos/1876007/h-preview.jpg (www.autodoc.es)
[107/346] ESPEJO DERECHO SPRINTER 315-415-515 (OEM: 792007201  FREY)
    query: 792007201FREY sprinter
      8 rechazados por validación de título
      -> OK: https://www.repuestosallende.pe/_next/image?url=https%3A%2F%2Fpub-ffd42694eda64a2f8f58d0f4b85d68be.r2.dev%2Fproductos%2Fffae9556-8924-4c17-93ec-5ebbc5a36ad2.jpg%3Fv%3D1782885147&w=3840&q=75 (www.repuestosallende.pe)
[108/346] ESPEJO ESPEJO DERECHO SPRINTER 416 (OEM: 2402)
    query: 2402 sprinter
      -> OK: https://tuffshop.co.uk/media/catalog/product//b/l/blaklader_2402_sprinter_safety_shoes_s1ps_240200009996_cl_tuffshop.jpg (tuffshop.co.uk)
[109/346] ESPEJO IZQUIERDO SPRINTER 315-415-515 (OEM: 792007101 FREY)
    query: 792007101FREY sprinter
      10 rechazados por validación de título
    query: "792007101 FREY"
      7 rechazados por validación de título
    query: A792007101FREY sprinter
      10 rechazados por validación de título
    query: 792007101FREY ESPEJO IZQUIERDO SPRINTER 315 415 515
      6 rechazados por validación de título
      -> OK: https://http2.mlstatic.com/D_NQ_NP_668281-MLC74443825829_022024-O.webp (www.mercadolibre.cl)
[110/346] FARITO LATERAL AMBAR IZQ o DER SPRINTER 315-415-515-416-516-311 (OEM: 792400901 FREY)
    query: 792400901FREY sprinter
      4 rechazados por validación de título
      -> OK: https://www.repuestosallende.pe/_next/image?url=https%3A%2F%2Fpub-ffd42694eda64a2f8f58d0f4b85d68be.r2.dev%2Fproductos%2Fffae9556-8924-4c17-93ec-5ebbc5a36ad2.jpg%3Fv%3D1782885147&w=3840&q=75 (www.repuestosallende.pe)
[111/346] FARO DEL RH M.BENZ SPRINTER 315/415  2016 (OEM: SPR1506-CP)
    query: SPR1506 sprinter
      10 rechazados por validación de título
    query: ASPR1506 sprinter
      10 rechazados por validación de título
    query: SPR1506 FARO DEL RH M BENZ SPRINTER 315 415 2016
      3 rechazados por validación de título
      -> OK: https://i.ebayimg.com/images/g/VvcAAeSwcE5p6fOl/s-l1200.webp (hn.ebay.com)
[112/346] FARO DELANTERO DERECHO SPRINTER 313-413 2006 (OEM: 790917001 FREY)
    query: 790917001FREY sprinter
      9 rechazados por validación de título
      -> OK: https://autocode.ru/pic/250/depo/4401137LLDEMF.jpeg (autocode.ru)
[113/346] FARO DELANTERO DERECHO SPRINTER 315-415-515 2014 (OEM: 790916601 FREY)
    query: 790916601FREY sprinter
      10 rechazados por validación de título
    query: "790916601 FREY"
      10 rechazados por validación de título
    query: A790916601FREY sprinter
      10 rechazados por validación de título
    query: 790916601FREY FARO DELANTERO DERECHO SPRINTER 315 415 515 2014
      3 rechazados por validación de título
      -> OK: https://http2.mlstatic.com/D_NQ_NP_972877-MPE105981359568_022026-O.webp (www.mercadolibre.com.pe)
[114/346] FARO DELANTERO IZQUIERDO SPRINTER 313-413 (OEM: 790916901 FREY)
    query: 790916901FREY sprinter
      7 rechazados por validación de título
      -> OK: https://pubimg.nodacdn.net/images/full/126e9dfbc52c5a40b1162cf5e36b8b5b9f0b350001.png (4mycar.ru)
[115/346] FARO DELANTERO IZQUIERDO SPRINTER 315-415-515 2014 (OEM: 790909101)
    query: 790909101 sprinter
      5 rechazados por validación de título
      -> OK: https://www.repuestosallende.pe/_next/image?url=https%3A%2F%2Fpub-ffd42694eda64a2f8f58d0f4b85d68be.r2.dev%2Fproductos%2Fffae9556-8924-4c17-93ec-5ebbc5a36ad2.jpg%3Fv%3D1782885147&w=3840&q=75 (www.repuestosallende.pe)
[116/346] FARO DELANTERO IZQUIERDO SPRINTER 315-415-515 2018 (OEM: 790918001 FREY)
    query: 790918001FREY sprinter
      10 rechazados por validación de título
    query: "790918001 FREY"
      10 rechazados por validación de título
    query: A790918001FREY sprinter
      7 rechazados por validación de título
      -> OK: https://i.ebayimg.com/images/g/16wAAOSw8b5mHnOb/s-l1200.jpg (www.ebay.co.uk)
[117/346] FARO NEBLINERO IZQUIERDO SPRINTER 315/415/515 (OEM: 791801501 FREY)
    query: 791801501FREY sprinter
      7 rechazados por validación de título
      -> OK: https://pubimg.nodacdn.net/images/full/12069b281afb8887e615ff1e28efb13733bf160001.jpeg (4mycar.ru)
[118/346] FARO POST.M.BENZ SPRINTER 415-515 (OEM: 11-11446-01-2)
    query: 1111446012 sprinter
      7 rechazados por validación de título
      -> OK: https://media.autodoc.de/360_photos/1499944/h-preview.jpg (www.autodoc24.fr)
[119/346] FARO POSTERIOR DER. SPRINTER 315-415-515 (OEM: 791410201 FREY)
    query: 791410201FREY sprinter
      8 rechazados por validación de título
      -> OK: https://www.repuestosallende.pe/_next/image?url=https%3A%2F%2Fpub-ffd42694eda64a2f8f58d0f4b85d68be.r2.dev%2Fproductos%2Fffae9556-8924-4c17-93ec-5ebbc5a36ad2.jpg%3Fv%3D1782885147&w=3840&q=75 (www.repuestosallende.pe)
[120/346] FARO POSTERIOR IZQ. SPRINTER 315-415-515 (OEM: 791410301 FREY)
    query: 791410301FREY sprinter
      10 rechazados por validación de título
    query: "791410301 FREY"
      10 rechazados por validación de título
    query: A791410301FREY sprinter
      10 rechazados por validación de título
    query: 791410301FREY FARO POSTERIOR IZQ SPRINTER 315 415 515
      5 rechazados por validación de título
      -> OK: https://http2.mlstatic.com/D_NQ_NP_700396-MLA32105327977_092019-O.webp (www.mercadolibre.com.ar)
[121/346] FILTRO ACEITE M. BENZ  SPRINTER 313/413 (OEM: WOE-300/1)
    query: WOE3001 sprinter
      2 rechazados por validación de título
      -> OK: https://images.tcdn.com.br/img/img_prod/1390094/90_filtro_lubrif_m_spr_10067_1_d3d7db16abeeffda834fb8a580365bc3.jpeg (www.minaspecasltda.com.br)
[122/346] FILTRO ACEITE M. BENZ SPRINTER 311/313/413CDI OM611 (OEM: OX-980D3)
    query: FILTRO ACEITE M BENZ SPRINTER 311 313 413CDI OM611 mercedes sprinter repuesto
      -> OK: https://http2.mlstatic.com/D_NQ_NP_509021-MLA20691151413_042016-O.webp (www.mercadolibre.com.ar)
[123/346] FILTRO ACEITE M. BENZ SPRINTER 315/415/515 OM651 (OEM: 014 322 0014)
    query: 0143220014 sprinter
      3 rechazados por validación de título
      -> OK: https://cdn.autodoc.de/thumb?id=8562565&m=0&n=0&lng=es&rev=94078053 (www.autodoc.es)
[124/346] FILTRO ACEITE M. BENZ SPRINTER 415/515 OM646 (OEM: WOE-455)
    query: FILTRO ACEITE M BENZ SPRINTER 415 515 OM646 mercedes sprinter repuesto
      1 rechazados por validación de título
      -> OK: https://http2.mlstatic.com/D_NQ_NP_804882-MLM86477767778_062025-O.webp (www.mercadolibre.com.mx)
[125/346] FILTRO ACEITE M. BENZ SPRINTER OM611 311/313 (OEM: OX-153/7D)
    query: OX1537D sprinter
      1 rechazados por validación de título
      -> OK: https://http2.mlstatic.com/D_NQ_NP_682173-MLM89577526859_082025-O.webp (www.mercadolibre.com.mx)
[126/346] FILTRO ACEITE M.BENZ SPRINTER SP 313/413 OM611 (OEM: 6111800009 MECH)
    query: 6111800009MECH sprinter
      10 rechazados por validación de título
    query: "6111800009 MECH"
      6 rechazados por validación de título
    query: A6111800009MECH sprinter
      3 rechazados por validación de título
      -> OK: https://http2.mlstatic.com/D_NQ_NP_668289-MLA90918472913_082025-O.webp (www.mercadolibre.com.ar)
[127/346] FILTRO ACEITE M.BENZ SPRINTER SP 313/413 OM611 (OEM: OX153/D3)
    query: 0009 sprinter
      7 rechazados por validación de título
      -> OK: https://i.ebayimg.com/images/g/PCcAAOSwNSxU-~ko/s-l1200.jpg (www.ebay.com)
[128/346] FILTRO ACEITE M.BENZ SPRINTER SP 313/413 OM611 (OEM: OX153D3 MECH)
    query: 0001802609 sprinter
      8 rechazados por validación de título
      -> OK: https://m.media-amazon.com/images/I/71XTbVP27PL._AC_UF1000,1000_QL80_.jpg (www.amazon.com)
[129/346] FILTRO AIRE ACOND. M. BENZ SPRINTER 315/415/416 (OEM: 012 319 0038)
    query: 0123190038 sprinter
      1 rechazados por validación de título
      -> OK: https://cdn.autodoc.de/thumb?id=8559735&m=0&n=0&lng=es&rev=94077976 (www.autodoc.es)
[130/346] FILTRO AIRE M. BENZ SPRINTER 311/313 OM611 - EQ. LX513 (OEM: FAP-6003/1)
    query: FAP60031 sprinter
      -> OK: https://http2.mlstatic.com/D_NQ_NP_834870-MLA69182024584_052023-O.webp (www.mercadolibre.com.ar)
[131/346] FILTRO AIRE M. BENZ SPRINTER 315/415/515 OM651 (OEM: 012 321 0010)
    query: 0123210010 sprinter
      3 rechazados por validación de título
      -> OK: https://busik.sumy.ua/image/cache/catalog/products/0000902651-1200x800.jpg (busik.sumy.ua)
[132/346] FILTRO AIRE M. BENZ SPRINTER 415/515 OM646 (OEM: FAP-9112)
    query: FAP9112 sprinter
      -> OK: https://http2.mlstatic.com/D_NQ_NP_858943-MPE74479043202_022024-O.webp (www.mercadolibre.com.pe)
[133/346] FILTRO AIRE M. BENZ SPRINTER 515 / VW CRAFTER (OEM: 50 014 163 KS)
    query: 50014163KS sprinter
      10 rechazados por validación de título
    query: "50 014 163 KS"
      4 rechazados por validación de título
    query: A50014163KS sprinter
      10 rechazados por validación de título
    query: 50014163KS FILTRO AIRE M BENZ SPRINTER 515 VW CRAFTER
      10 rechazados por validación de título
    query: LX1845 sprinter
      9 rechazados por validación de título
      -> OK: https://http2.mlstatic.com/D_NQ_NP_953367-MLM72188899481_102023-O.webp (www.mercadolibre.com.mx)
[134/346] FILTRO AIRE M. BENZ SPRINTER OM611/313 (OEM: 50 013 392 KS)
    query: 50013392KS sprinter
      10 rechazados por validación de título
    query: "50 013 392 KS"
      6 rechazados por validación de título
    query: A50013392KS sprinter
      10 rechazados por validación de título
    query: 50013392KS FILTRO AIRE M BENZ SPRINTER OM611 313
      9 rechazados por validación de título
      -> OK: https://http2.mlstatic.com/D_NQ_NP_865110-MLA91182756246_092025-O.webp (www.mercadolibre.com.ar)
[135/346] FILTRO AIRE SPRINTER OM611 313 (OEM: C32338/1)
    query: C323381 sprinter
      1 rechazados por validación de título
      -> OK: https://media.autodoc.de/360_photos/961635/h-preview.jpg (www.autodoc.es)
[136/346] FILTRO CABINA DE TECHO M. BENZ SPRINTER 415 / 515 (OEM: LA-1252)
    query: LA1252 sprinter
      2 rechazados por validación de título
      -> OK: https://www.jomac.com.ar/wp-content/uploads/2025/11/F-HAB-M-BENZ-SPRINTER-CABINA-TRASERO-A9008350600-L-1330.jpg (www.jomac.com.ar)
[137/346] FILTRO CABINA M. BENZ SPRINTER 315/415/515 OM646 (OEM: 50 014 229 KS)
    query: 50014229KS sprinter
      10 rechazados por validación de título
    query: "50 014 229 KS"
      7 rechazados por validación de título
    query: A50014229KS sprinter
      10 rechazados por validación de título
    query: 50014229KS FILTRO CABINA M BENZ SPRINTER 315 415 515 OM646
      7 rechazados por validación de título
      -> OK: https://http2.mlstatic.com/D_NQ_NP_893814-MLU83407241481_032025-O.webp (www.mercadolibre.com.uy)
[138/346] FILTRO CABINA M. BENZ SPRINTER 415/515 - OM646 (OEM: AKX-3565)
    query: AKX3565 sprinter
      1 rechazados por validación de título
      -> OK: https://http2.mlstatic.com/D_NQ_NP_718686-MLA105412110858_012026-O.webp (www.mercadolibre.com.ar)
[139/346] FILTRO CABINA M. BENZ SPRINTER 516 (OEM: LA-1198)
    query: LA1198 sprinter
      -> OK: https://http2.mlstatic.com/D_NQ_NP_822849-MLM83025352142_032025-O.webp (www.mercadolibre.com.mx)
[140/346] FILTRO CABINA M. BENZ SPRINTER 516 (OEM: LA-1186)
    query: LA1186 sprinter
      10 rechazados por validación de título
    query: "LA-1186"
      10 rechazados por validación de título
    query: ALA1186 sprinter
      10 rechazados por validación de título
    query: LA1186 FILTRO CABINA M BENZ SPRINTER 516
      8 rechazados por validación de título
      -> OK: https://http2.mlstatic.com/D_NQ_NP_820331-MLM103007536449_122025-O.webp (www.mercadolibre.com.mx)
[141/346] FILTRO CABINA M. BENZ SPRINTER 516 - CARBONADO (OEM: LAK-1198)
    query: LAK1198 sprinter
      -> OK: https://media.autodoc.de/360_photos/14938344/h-preview.jpg (www.autodoc.es)
[142/346] FILTRO CABINA M. BENZ SPRINTER OM611 313/413 (OEM: LA-83)
    query: FILTRO CABINA M BENZ SPRINTER OM611 313 413 mercedes sprinter repuesto
      3 rechazados por validación de título
      -> OK: https://http2.mlstatic.com/D_NQ_NP_881693-MLA77341334597_062024-O.webp (www.mercadolibre.com.ar)
[143/346] FILTRO COMB M. BENZ SPRINTER 313/413 (OEM: 50 013 686 KS)
    query: 50013686KS sprinter
      10 rechazados por validación de título
    query: "50 013 686 KS"
      6 rechazados por validación de título
    query: A50013686KS sprinter
      10 rechazados por validación de título
    query: 50013686KS FILTRO COMB M BENZ SPRINTER 313 413
      7 rechazados por validación de título
      -> OK: https://http2.mlstatic.com/D_NQ_NP_896139-MLU72578715683_102023-O.webp (www.mercadolibre.com.uy)
[144/346] FILTRO COMBUST. M. BENZ SPRINTER 311/313/413 (OEM: KL-100/2)
    query: KL1002 sprinter
      -> OK: https://www.tagaautopartes.com.br/uploads/products/migrated-5f1f6211-4051-4321-9a49-4528090eaabc-0-1772024828137.jpg (www.tagaautopartes.com.br)
[145/346] FILTRO COMBUST. M. BENZ SPRINTER 313/413 (OEM: KL-174)
    query: FILTRO COMBUST M BENZ SPRINTER 313 413 mercedes sprinter repuesto
      2 rechazados por validación de título
      -> OK: https://http2.mlstatic.com/D_NQ_NP_896139-MLU72578715683_102023-O.webp (www.mercadolibre.com.uy)
[146/346] FILTRO COMBUSTIBLE M. BENZ SPRINTER 311/313/413 (OEM: 50 013 647 KS)
    query: 50013647KS sprinter
      10 rechazados por validación de título
    query: "50 013 647 KS"
      8 rechazados por validación de título
      -> OK: https://www.repuestosallende.pe/_next/image?url=https%3A%2F%2Fpub-ffd42694eda64a2f8f58d0f4b85d68be.r2.dev%2Fproductos%2Fffae9556-8924-4c17-93ec-5ebbc5a36ad2.jpg%3Fv%3D1782885147&w=3840&q=75 (www.repuestosallende.pe)
[147/346] FILTRO COMBUSTIBLE M. BENZ SPRINTER 415/515 (OEM: 50 014 853 KS)
    query: 50014853KS sprinter
      10 rechazados por validación de título
    query: "50 014 853 KS"
      4 rechazados por validación de título
      -> OK: https://www.repuestosallende.pe/_next/image?url=https%3A%2F%2Fpub-ffd42694eda64a2f8f58d0f4b85d68be.r2.dev%2Fproductos%2Fffae9556-8924-4c17-93ec-5ebbc5a36ad2.jpg%3Fv%3D1782885147&w=3840&q=75 (www.repuestosallende.pe)
[148/346] FILTRO DE ACEITE SPRINTER OM651 SP315/415/515/516 (OEM: HU7010Z MANN)
    query: HU7010ZMANN sprinter
      5 rechazados por validación de título
      -> OK: https://s7g10.scene7.com/is/image/mannhummel/HU_7010_z-filter-with-box?qlt=82&ts=1781695217434&dpr=off (www.mann-filter.com)
[149/346] FILTRO DE PETROLEO SIN SENSOR SPRINTER 515 (OEM: 02.38.044-CP)
    query: 0238044 sprinter
      8 rechazados por validación de título
      -> OK: https://cdn.autodoc.de/thumb?id=7984888&m=0&n=0&lng=es&rev=94078000 (www.autodoc.es)
[150/346] FILTRO DIESEL M. BENZ SPRINTER 415/515 OM646 C/SENSOR (OEM: FCD-2184)
    query: FCD2184 sprinter
      1 rechazados por validación de título
      -> OK: https://http2.mlstatic.com/D_NQ_NP_656565-MLA112798933595_062026-O.webp (www.mercadolibre.com.ar)
[151/346] FILTRO DIESEL M.BENZ SPRINTER ACCELO 313 413 (OEM: FCD-2158/1)
    query: FCD21581 sprinter
      -> OK: https://pitstop.vtexassets.com/arquivos/ids/365192/16987871819499.jpg?v=638350445811400000 (www.pitstop.com.br)
[152/346] FILTRO PETROLEO M.BENZ SPRINTER 313 (OEM: WK-842/13)
    query: WK84213 sprinter
      -> OK: https://i.ebayimg.com/images/g/TNAAAeSw0eFpDnOm/s-l1200.webp (cr.ebay.com)
[153/346] FILTRO RACOR CORTO OM611 SPRINTER 413 (OEM: BG-2057)
    query: BG2057 sprinter
      8 rechazados por validación de título
      -> OK: https://eddos.cl/Content/products/1523/f/b4/fb40a20cdab745a7ae682677375785d7_600.jpg (eddos.cl)
[154/346] FOQUITO AMBAR DE ESPEJO SPRINTER 315-415-515 (OEM: 792401801 FREY)
    query: 792401801FREY sprinter
      10 rechazados por validación de título
    query: "792401801 FREY"
      10 rechazados por validación de título
    query: A792401801FREY sprinter
      10 rechazados por validación de título
    query: 792401801FREY FOQUITO AMBAR DE ESPEJO SPRINTER 315 415 515
      6 rechazados por validación de título
      -> OK: https://http2.mlstatic.com/D_NQ_NP_661753-MLA97105308307_112025-O.webp (www.mercadolibre.com.ar)
[155/346] GOMA ESTABILIZADORA DEL/POST M. BENZ SPRINTER 313/413 (OEM: 034 032 0049)
    query: 0340320049 sprinter
      2 rechazados por validación de título
      -> OK: https://static.ticimax.cloud/cdn-cgi/image/width=-,quality=85/58420/uploads/urunresimleri/buyuk/viraj-rot-burcu-arka-12.oo-mm-sprinter-c-0b34.jpg (www.sncotomotiv.com)
[156/346] GOMA ESTABILIZADORA DELT. M. BENZ SPRINTER 313/413 (OEM: 034 032 0092)
    query: 0340320092 sprinter
      4 rechazados por validación de título
      -> OK: https://cdn.autodoc.de/thumb?id=2113959&m=0&n=0&lng=es&rev=94077958 (www.autodoc.es)
[157/346] GOMA ESTABILIZADORA EJE DEL/POST M. BENZ SPRINTER 313/413 (OEM: 034 032 0053)
    query: 0340320053 sprinter
      3 rechazados por validación de título
      -> OK: https://avatars.mds.yandex.net/get-mpic/16437846/2a0000019cf85eb62a750ea02ebe86c505ba/orig (market.yandex.ru)
[158/346] GOMA ESTABILIZADORA POST. M. BENZ SPRINTER 313/413 (OEM: 034 032 0065)
    query: 0340320065 sprinter
      3 rechazados por validación de título
      -> OK: https://cdn.autodoc.de/thumb?id=2113951&m=0&n=0&lng=en&rev=94078047 (www.autodoc24.fr)
[159/346] GUARDAPOLVO DE CALIPER M.SPRINTER 313/413 (OEM: D4696)
    query: D4696 sprinter
      4 rechazados por validación de título
      -> OK: https://i.ebayimg.com/images/g/57IAAOSwjVVVwyAm/s-l1200.jpg (www.ebay.co.uk)
[160/346] GUIA VALVULAS ADM/ESC (4) M. BENZ SPRINTER OM651 315/415/515 (OEM: 81-26187)
    query: 8126187 sprinter
      8 rechazados por validación de título
      -> OK: https://www.onlineyedekparca.com/img/product-no-image.png (www.onlineyedekparca.com)
[161/346] GUIAS VALV M. BENZ OM611 SPRINTER 311/313/413 CDI 16V (OEM: GC-0480255 STD)
    query: GC0480255STD sprinter
      9 rechazados por validación de título
      -> OK: https://www.repuestosallende.pe/_next/image?url=https%3A%2F%2Fpub-ffd42694eda64a2f8f58d0f4b85d68be.r2.dev%2Fproductos%2Fffae9556-8924-4c17-93ec-5ebbc5a36ad2.jpg%3Fv%3D1782885147&w=3840&q=75 (www.repuestosallende.pe)
[162/346] INTERCOOLER SPRINTER 311/415/515 62 (OEM: 12673)
    query: 12673 sprinter
      9 rechazados por validación de título
    query: A12673 sprinter
      10 rechazados por validación de título
    query: 12673 INTERCOOLER SPRINTER 311 415 515 62
      10 rechazados por validación de título
    query: INTERCOOLER SPRINTER 311 415 515 62 mercedes sprinter repuesto
      5 rechazados por validación de título
      -> OK: https://media.autodoc.de/360_photos/7751303/h-preview.jpg (www.autodoc.es)
[163/346] INYECTOR SPRINTER 515 (OEM: 28342997)
    query: 28342997 sprinter
      1 rechazados por validación de título
      -> OK: https://hdi.com.pe/app/uploads/2023/11/MicrosoftTeams-image-21.jpg (hdi.com.pe)
[164/346] JEBE DE  BARRA ESTABILIZADORA SPRINTER 413 39X23.5X30 MM R799 (OEM: R-799)
    query: 0085 sprinter
      9 rechazados por validación de título
      -> OK: https://media.autodoc.de/360_photos/18758672/h-preview.jpg (www.autodoc24.fr)
[165/346] JEBE DE BARRA ESTABILIZADOR SPRINTER 315/415/515 (OEM: 751156701 FREY)
    query: 751156701FREY sprinter
      10 rechazados por validación de título
    query: "751156701 FREY"
      7 rechazados por validación de título
    query: A751156701FREY sprinter
      10 rechazados por validación de título
    query: 751156701FREY JEBE DE BARRA ESTABILIZADOR SPRINTER 315 415 515
      7 rechazados por validación de título
      -> OK: https://http2.mlstatic.com/D_NQ_NP_718337-MPE81964022227_012025-O.webp (www.mercadolibre.com.pe)
[166/346] JEBE DE PUNTAS DEL  MUELLE DELANTERO SPRINTER 313 (OEM: R-786 SR)
    query: 0619 sprinter
      5 rechazados por validación de título
      -> OK: https://http2.mlstatic.com/D_NQ_NP_869990-CBT110248264221_042026-O.webp (www.mercadolibre.com.ar)
[167/346] JEBE PARTIDO  DE LA BARRA ESTABILIZ SPRINTER 413  Ext. 35 x  21,5x 38,5 (OEM: R-796)
    query: 0081 sprinter
      5 rechazados por validación de título
      -> OK: https://i.ebayimg.com/images/g/DYQAAOSwshNhER7f/s-l1200.jpg (www.ebay.com)
[168/346] JEBE PARTIDO BARRA ESTABI DELT  SPRINTER 313 Ext. 38 x Int. 21,5 x 32,5mm (OEM: R-3417)
    query: R3417 sprinter
      7 rechazados por validación de título
      -> OK: https://tienda.repuestoslaestrella.com.ar/media/imagenes/i-repuesto/21919-21899Screenshot8.jpg (tienda.repuestoslaestrella.com.ar)
[169/346] JEBE PUÑO  BARRA ESTABILIZADORA POST SPRINTER 413       49,5 X 26,5 X 46mm (OEM: R-3296)
    query: R3296 sprinter
      10 rechazados por validación de título
    query: "R-3296"
      10 rechazados por validación de título
    query: AR3296 sprinter
      10 rechazados por validación de título
    query: R3296 JEBE PUÑO BARRA ESTABILIZADORA POST SPRINTER 413 49 5 X 26 5 X 46mm
      9 rechazados por validación de título
      -> OK: https://http2.mlstatic.com/D_NQ_NP_904319-MPE76928883971_062024-O.webp (www.mercadolibre.com.pe)
[170/346] JEBE PUÑO BARRA ESTABILIZADORA POST SPRINTER 413        49,5 X 33 X 46mm (OEM: R-3378 SR)
    query: R3378SR sprinter
      10 rechazados por validación de título
    query: "R-3378 SR"
      6 rechazados por validación de título
    query: AR3378SR sprinter
      10 rechazados por validación de título
    query: R3378SR JEBE PUÑO BARRA ESTABILIZADORA POST SPRINTER 413 49 5 X 33 X 46mm
      5 rechazados por validación de título
      -> OK: https://http2.mlstatic.com/D_NQ_NP_755214-MLA77823239817_072024-O.webp (www.mercadolibre.com.ar)
[171/346] JEBE SOPORTE DE MUELLE SPRINTER 313-413 RECTANGULO AMARILLO (OEM: R-3335 SR)
    query: R3335SR sprinter
      10 rechazados por validación de título
    query: "R-3335 SR"
      10 rechazados por validación de título
    query: AR3335SR sprinter
      10 rechazados por validación de título
    query: R3335SR JEBE SOPORTE DE MUELLE SPRINTER 313 413 RECTANGULO AMARILLO
      9 rechazados por validación de título
      -> OK: https://fagy.com.pe/wp-content/uploads/2021/06/Rompemuelle-portatil.jpg.webp (fagy.com.pe)
[172/346] JGO PASTILLA FRENO SPRINTER 515 DEL (OEM: TS/29200)
    query: TS29200 sprinter
      10 rechazados por validación de título
    query: ATS29200 sprinter
      10 rechazados por validación de título
    query: TS29200 JGO PASTILLA FRENO SPRINTER 515 DEL
      2 rechazados por validación de título
      -> OK: https://cdn.autodoc.de/thumb?id=1875966&m=0&n=0&lng=es&rev=94078049 (www.autodoc.es)
[173/346] JGO. ACC CALIPER M. SPRINTER 415 (OEM: D-7099C)
    query: D7099C sprinter
      3 rechazados por validación de título
      -> OK: https://picdn.trodo.com/media/m2_catalog_cache/1440x1440%2FTecDoc%2F351%2F031%2F61%2Fd7099c.jpg?1 (www.trodo.com)
[174/346] JGO. DE RODAJE DELANTERO SPRINTER  313/413 (OEM: 014 033 0161)
    query: 0140330161 sprinter
      1 rechazados por validación de título
      -> OK: https://images.prom.ua/178281024_w640_h640_178281024.jpg (sprinter.lt.ua)
[175/346] JGO. PAST. FRENO M. BENZ SPRINTER 315 DELANT. (OEM: 025 291 9220)
    query: 0252919220 sprinter
      4 rechazados por validación de título
      -> OK: https://images.prom.ua/178232844_w1280_h640_178232844.jpg (sprinter.lt.ua)
[176/346] JGO. PAST. FRENO M. BENZ SPRINTER 515 DELT. - VW (OEM: 004 420 81.20)
    query: 0044208120 sprinter
      1 rechazados por validación de título
      -> OK: https://i.ebayimg.com/images/g/3RQAAOSwBY1mTC3F/s-l1200.jpg (www.ebay.co.uk)
[177/346] JGO. PAST. FRENO M.BENZ SPRINTER 515 POST. (OEM: ZD1318)
    query: ZD1318 sprinter
      10 rechazados por validación de título
    query: AZD1318 sprinter
      10 rechazados por validación de título
    query: ZD1318 JGO PAST FRENO M BENZ SPRINTER 515 POST
      5 rechazados por validación de título
      -> OK: https://http2.mlstatic.com/D_NQ_NP_717044-MPE81524399800_012025-O.webp (www.mercadolibre.com.pe)
[178/346] JGO. PAST. FRENO MB. SPRINTER 515 DEL. (OEM: ZD1699)
    query: ZD1699 sprinter
      10 rechazados por validación de título
    query: AZD1699 sprinter
      10 rechazados por validación de título
    query: ZD1699 JGO PAST FRENO MB SPRINTER 515 DEL
      4 rechazados por validación de título
      -> OK: https://http2.mlstatic.com/D_NQ_NP_976143-MPE81790620593_012025-O.webp (www.mercadolibre.com.pe)
[179/346] JGO. PASTILLAS DE FRENO POST MERC SPRINTER 516 (OEM: PD2211-CP)
    query: PD2211 sprinter
      2 rechazados por validación de título
      -> OK: https://http2.mlstatic.com/D_NQ_NP_928473-MLA51372498036_092022-O.webp (www.mercadolibre.com.ar)
[180/346] JGO. PASTILLAS FRENO M. BENZ SPRINTER DELT 313  026 215 7620/PD (OEM: 025 215 7620/PD)
    query: 0252157620PD sprinter
      3 rechazados por validación de título
      -> OK: https://media.autodoc.de/360_photos/1661384/h-preview.jpg (www.autodoc.es)
[181/346] JGO. PASTILLAS FRENO M. BENZ SPRINTER DELT 313/413 / POST 413  29076 (OEM: 025 290 7620)
    query: 0252907620 sprinter
      -> OK: https://cdn.autodoc.de/thumb?id=2113603&m=0&n=0&lng=es&rev=94078002 (www.autodoc.es)
[182/346] JGO. PASTILLAS FRENO M. BENZ SPRINTER POST 313 (OEM: 025 215 9218/PD)
    query: 0252159218PD sprinter
      5 rechazados por validación de título
    query: "025 215 9218/PD"
      5 rechazados por validación de título
      -> OK: https://cdn.autodoc.de/thumb?id=2113239&m=0&n=0&lng=es&rev=94078032 (www.autodoc.es)
[183/346] JGO. PONCHO CREMALLERA M. BENZ SPRINTER 315/415/515 (OEM: 014 620 0006)
    query: 0146200006 sprinter
      8 rechazados por validación de título
      -> OK: https://bus-shop.com.ua/image/catalog/2010-12331/014-620-0006-int.jpg (bus-shop.com.ua)
[184/346] JGO. ZAPATA M. BENZ SPRINTER 515 (OEM: 906 420 03.20)
    query: 9064200320 sprinter
      4 rechazados por validación de título
      -> OK: https://i.ebayimg.com/images/g/hs8AAOSwU81khi9Y/s-l400.jpg (www.ebay.com)
[185/346] KIT CADENA DISTRIBUCION M. BENZ SPRINTER 515 (OEM: 559.0185.10)
    query: 559018510 sprinter
      2 rechazados por validación de título
      -> OK: https://http2.mlstatic.com/D_NQ_NP_766577-MLA81790430760_012025-O.webp (www.mercadolibre.com.ar)
[186/346] KIT CADENA TENSORA M. BENZ SPRINTER 313/413 OM611 04/10 (OEM: 559.0039.10)
    query: 559003910 sprinter
      2 rechazados por validación de título
      -> OK: https://http2.mlstatic.com/D_NQ_NP_810579-MLM86096590821_062025-O.webp (www.mercadolibre.com.mx)
[187/346] KIT DE CALIPER  PINES SPRINTER 313/413 (OEM: 014 698 0006)
    query: 0146980006 sprinter
      5 rechazados por validación de título
      -> OK: https://bus-shop.com.ua/image/cache/catalog/0146980006s00/a8bc585f-1200x800.jpeg (bus-shop.com.ua)
[188/346] KIT DE PLANETARIOS SPRINTER  313/413 (OEM: 60.17.1497)
    query: 60171497 sprinter
      7 rechazados por validación de título
      -> OK: https://truckdrive.ru/i/foto-60171497-a6683500026-remkomplekt-differenciala-mercedes-sprinter-1.jpg (truckdrive.ru)
[189/346] KIT DE PLANETARIOS Y SATELITE  SPRINTER 313/413 (OEM: 60.17.1497-CP)
    query: 60171497 sprinter
      7 rechazados por validación de título
      -> OK: https://truckdrive.ru/i/foto-60171497-a6683500026-remkomplekt-differenciala-mercedes-sprinter-1.jpg (truckdrive.ru)
[190/346] KIT RODAJE  BOCAMAZA RDA.DELT M.BENZ SPRINTER 315/415 3 TON (OEM: 713.6680.10)
    query: 713668010 sprinter
      5 rechazados por validación de título
      -> OK: https://http2.mlstatic.com/D_NQ_NP_647007-MLA76329037544_052024-O.webp (www.mercadolibre.com.ar)
[191/346] KIT RODAJE RDA.DELT M.BENZ SPRINTER 515 5 TON (OEM: 713.6680.20)
    query: 713668020 sprinter
      6 rechazados por validación de título
      -> OK: https://http2.mlstatic.com/D_NQ_NP_783889-MLM105361026523_012026-O.webp (www.mercadolibre.com.mx)
[192/346] KIT RODAJES POST. M. BENZ SPRINTER 413 OM611 (OEM: 014 750 0002)
    query: 0147500002 sprinter
      2 rechazados por validación de título
      -> OK: https://busik.sumy.ua/image/cache/catalog/products/0079815505-1200x800.jpg (busik.sumy.ua)
[193/346] LISTON DE PROTECCION GUARDABARROS DERECHO SPRINTER 516 (OEM: 9K100MBA)
    query: LISTON DE PROTECCION GUARDABARROS DERECHO SPRINTER 516 mercedes sprinter repuesto
      2 rechazados por validación de título
      -> OK: https://i.ebayimg.com/images/g/RlMAAeSwghNofjbo/s-l1200.jpg (www.ebay.com)
[194/346] LISTON DE PROTECCION POSTERIOR B DERECHO SPRINTER 516 (OEM: 9K7600MBA)
    query: 9K7600MBA sprinter
      9 rechazados por validación de título
      -> OK: https://www.repuestosallende.pe/_next/image?url=https%3A%2F%2Fpub-ffd42694eda64a2f8f58d0f4b85d68be.r2.dev%2Fproductos%2Fffae9556-8924-4c17-93ec-5ebbc5a36ad2.jpg%3Fv%3D1782885147&w=3840&q=75 (www.repuestosallende.pe)
[195/346] LISTON DE PROTECCION PUERTA DELANTERA DERECHO SPRINTER 516 (OEM: 9K300MBA)
    query: LISTON DE PROTECCION PUERTA DELANTERA DERECHO SPRINTER 516 mercedes sprinter repuesto
      5 rechazados por validación de título
      -> OK: https://i.ebayimg.com/images/g/jBgAAeSw8K9p4PE6/s-l1200.webp (py.ebay.com)
[196/346] LISTON PROTECCION PUERTA CORREDIZA DERECHO SPRINTER 516 (OEM: 9K700MBA)
    query: LISTON PROTECCION PUERTA CORREDIZA DERECHO SPRINTER 516 mercedes sprinter repuesto
      2 rechazados por validación de título
      -> OK: https://i.ebayimg.com/images/g/jBgAAeSw8K9p4PE6/s-l1200.webp (py.ebay.com)
[197/346] MANDIL DE VENTILADOR SPRINTER 315-415-515 (OEM: 793501201)
    query: 793501201 sprinter
      5 rechazados por validación de título
      -> OK: https://cdn.izap24.ru/images/prodacts/sourse/336494/336494083_diffuzor-mercedes-benz-sprinter-w906-793501201-a9065050955.jpg (volgograd.izap24.ru)
[198/346] MANGUERA  ENFRIADOR DE ACEITE OM611 SPRINTER 313/413 (OEM: 019 222 0020)
    query: 0192220020 sprinter
      5 rechazados por validación de título
      -> OK: https://avatars.mds.yandex.net/get-mpic/16148264/2a0000019a856dac64e22d2fb0269b90b49b/orig (market.yandex.ru)
[199/346] MANGUERA AGUA (RAD A BOMBA) M. BENZ SPRINTER 413/413/516 OM651 (OEM: 611 203 04.82)
    query: 6112030482 sprinter
      1 rechazados por validación de título
      -> OK: https://i.ebayimg.com/images/g/AxkAAOSwsydhY~KI/s-l1200.jpg (www.ebay.com.au)
[200/346] MANGUERA DE PEDAL EMBRAGUE SPRINTER 906  SP 315/415/515 (OEM: 906 290 03 13)
    query: 9062900313 sprinter
      -> OK: https://a.allegroimg.com/s700/11dd7a/3785bdd746b087ac4329f3b3a757/SPRINTER-906-CRAFTER-RURKA-SPRZEGLA-9062900313 (milautoparts.fr)
[201/346] MANGUERA DE TURBO SPRINTER 313/413 (OEM: 039 050 1008)
    query: 0390501008 sprinter
      -> OK: https://media.autodoc.de/360_photos/14358151/h-preview.jpg (www.autodoc.es)
[202/346] MANGUERA FRENO DE RUEDA  OM651 SPRINTER  315/415/515 (OEM: 100 525 0027)
    query: 1005250027 sprinter
      9 rechazados por validación de título
      -> OK: https://avatars.mds.yandex.net/get-mpic/14836541/2a00000198c75bdf455be10daa790bf8facc/orig (market.yandex.ru)
[203/346] MANGUERA M.BENZ SPRINTER 413 (OEM: 901 528 47.82-CP)
    query: 9015284782 sprinter
      1 rechazados por validación de título
      -> OK: https://i.ebayimg.com/images/g/qj8AAOSwB3tZmWUx/s-l400.jpg (www.ebay.co.uk)
[204/346] METAL BANCADA 0.25, M. BENZ SPRINTER OM651 SPUTTER 315/515 (OEM: 77 973 610)
    query: 77973610 sprinter
      8 rechazados por validación de título
    query: "77 973 610"
      9 rechazados por validación de título
      -> OK: https://a.allegroimg.com/original/11d528/cd0ee4e541fd925dea1a06dfa2ef/PANEWKI-GLOWNE-KPL (all-parts.in.ua)
[205/346] METAL BANCADA 0.25, M. BENZ SPRINTER OM651 SPUTTER 515 (OEM: 77 973 710)
    query: 77973710 sprinter
      6 rechazados por validación de título
      -> OK: https://media.autodoc.de/360_photos/10206971/h-preview.jpg (www.autodoc.parts)
[206/346] METAL BANCADA 0.50, M. BENZ SPRINTER OM651 SPUTTER 315/415/515 (OEM: 77 973 620)
    query: 77973620 sprinter
      9 rechazados por validación de título
      -> OK: https://easyparts.ua/imgs/000/146/192/146192_460x330.webp (easyparts.ua)
[207/346] METAL BANCADA 0.50, M. BENZ SPRINTER OM651 SPUTTER 515 (OEM: 77 973 720)
    query: 77973720 sprinter
      6 rechazados por validación de título
      -> OK: https://www.repuestosallende.pe/_next/image?url=https%3A%2F%2Fpub-ffd42694eda64a2f8f58d0f4b85d68be.r2.dev%2Fproductos%2Fffae9556-8924-4c17-93ec-5ebbc5a36ad2.jpg%3Fv%3D1782885147&w=3840&q=75 (www.repuestosallende.pe)
[208/346] METAL BIELA 0.25 M. BENZ SPRINTER OM611 313/413 (OEM: 77 521 610 KS)
    query: 77521610KS sprinter
      10 rechazados por validación de título
    query: "77 521 610 KS"
      6 rechazados por validación de título
    query: A77521610KS sprinter
      10 rechazados por validación de título
    query: 77521610KS METAL BIELA 0 25 M BENZ SPRINTER OM611 313 413
      9 rechazados por validación de título
      -> OK: https://http2.mlstatic.com/D_NQ_NP_989459-MLA75570960408_042024-O.webp (www.mercadolibre.cl)
[209/346] METAL BIELA 0.25, M. BENZ SPRINTER OM651  SPUTTER 315/415/515 (OEM: 77 972 610)
    query: 77972610 sprinter
      4 rechazados por validación de título
      -> OK: https://media.autodoc.de/360_photos/10206967/h-preview.jpg (www.autodoc.es)
[210/346] METAL BIELA 0.50 M. BENZ SPRINTER OM611 313/413 (OEM: 77 521 620)
    query: 77521620 sprinter
      3 rechazados por validación de título
      -> OK: https://media.autodoc.de/360_photos/7873635/h-preview.jpg (www.autodoc.es)
[211/346] METAL BIELA STD M. BENZ SPRINTER OM611 313/413 (OEM: 77 521 600)
    query: 77521600 sprinter
      2 rechazados por validación de título
      -> OK: https://i.ebayimg.com/images/g/mA0AAOSwOTZfWN9V/s-l1200.jpg (www.ebay.com.au)
[212/346] MUELLE DE EJE POSTERIOR SPRINTER 315/415/515 (OEM: 752330201 FREY)
    query: 752330201FREY sprinter
      8 rechazados por validación de título
      -> OK: https://www.repuestosallende.pe/_next/image?url=https%3A%2F%2Fpub-ffd42694eda64a2f8f58d0f4b85d68be.r2.dev%2Fproductos%2Fffae9556-8924-4c17-93ec-5ebbc5a36ad2.jpg%3Fv%3D1782885147&w=3840&q=75 (www.repuestosallende.pe)
[213/346] MUELLES DELANTEROS SPRINTER 415 (OEM: 294748)
    query: 294748 sprinter
      10 rechazados por validación de título
    query: A294748 sprinter
      10 rechazados por validación de título
    query: 294748 MUELLES DELANTEROS SPRINTER 415
      10 rechazados por validación de título
    query: MUELLES DELANTEROS SPRINTER 415 mercedes sprinter repuesto
      10 rechazados por validación de título
    SIN RESULTADOS
[214/346] PALANCA DE CAMBIO SPRINTER 313/413 (OEM: 770600601 FREY)
    query: 770600601FREY sprinter
      4 rechazados por validación de título
      -> OK: https://pubimg.nodacdn.net/images/full/11f7624c493a8976dee03df2ff9ed6d2477b200001.jpeg (4mycar.ru)
[215/346] PALANCA LUZ DIRECC. M. BENZ SPRINTER 313/413 OM611 (OEM: 0340540015)
    query: 0340540015 sprinter
      3 rechazados por validación de título
      -> OK: https://a.allegroimg.com/s1080/1175c5/08bf29ac4bf39344b40ede1e3fc6/PRZELACZNIK-ZESP-DB-SPRINTER-0340540015 (www.xdalys.lt)
[216/346] PAQUETE DE MUELLE DEL SPRINTER 313-413 (OEM: MBP 2431-CP)
    query: MBP2431 sprinter
      10 rechazados por validación de título
    query: "MBP 2431"
      10 rechazados por validación de título
    query: AMBP2431 sprinter
      10 rechazados por validación de título
    query: MBP2431 PAQUETE DE MUELLE DEL SPRINTER 313 413
      10 rechazados por validación de título
    query: PAQUETE DE MUELLE DEL SPRINTER 313 413 mercedes sprinter repuesto
      10 rechazados por validación de título
    SIN RESULTADOS
[217/346] PARACHOQUE DELANTERO SPRINTER 313-413 (OEM: 790221201)
    query: 790221201 sprinter
      9 rechazados por validación de título
      -> OK: https://autopiter.ru/static2/detailphoto/w2000/P5798/10013101.JPG (autopiter.ru)
[218/346] PAST.FRENO MB SPRINTER 415 DELT (F-325) (OEM: 59.P.HD.D1316.8430)
    query: 59PHDD13168430 sprinter
      10 rechazados por validación de título
    query: "59.P.HD.D1316.8430"
      4 rechazados por validación de título
    query: A59PHDD13168430 sprinter
      10 rechazados por validación de título
    query: 59PHDD13168430 PAST FRENO MB SPRINTER 415 DELT F 325
      1 rechazados por validación de título
      -> OK: https://http2.mlstatic.com/D_NQ_NP_905896-MPE81790620567_012025-O.webp (www.mercadolibre.com.pe)
[219/346] PASTILLA DE FRENO SPRINTER DEL/POST 413 - DEL 313 (OEM: 59.P.HD.D949.7848)
    query: 59PHDD9497848 sprinter
      10 rechazados por validación de título
    query: "59.P.HD.D949.7848"
      6 rechazados por validación de título
    query: A59PHDD9497848 sprinter
      10 rechazados por validación de título
    query: 59PHDD9497848 PASTILLA DE FRENO SPRINTER DEL POST 413 DEL 313
      6 rechazados por validación de título
      -> OK: https://http2.mlstatic.com/D_NQ_NP_752130-MPE81540166456_012025-O.webp (www.mercadolibre.com.pe)
[220/346] PASTILLAS FRENO MERCEDES B. SPRINTER 311 313 02/.. POST (OEM: P-341)
    query: PASTILLAS FRENO MERCEDES B SPRINTER 311 313 02 POST mercedes sprinter repuesto
      -> OK: https://http2.mlstatic.com/D_NQ_NP_739090-MPE106305908586_022026-O.webp (www.mercadolibre.com.pe)
[221/346] PIN CALIPER M. BENZ SPRINTER 313 VW TRANSPORTER T4 (OEM: 100 698 0008)
    query: 1006980008 sprinter
      8 rechazados por validación de título
      -> OK: https://m.media-amazon.com/images/I/51LopdEJD1L.jpg (www.amazon.it)
[222/346] PIÑON Y CORONA 35X8  SPRINTER 313/413 (OEM: 06.45.0064)
    query: 06450064 sprinter
      7 rechazados por validación de título
      -> OK: https://rocky-v3-b5a756d90cca7795f4dd820417db13d5.s3.sa-east-1.amazonaws.com/categories/1a8410055c9feb74f906c505167a6f43.webp (medauto.com.br)
[223/346] PLUMILLAS DELANTEROS SPRINTER 315-415-515 (OEM: 792706401)
    query: 792706401 sprinter
      9 rechazados por validación de título
      -> OK: https://cdn.izap24.ru/images/prodacts/sourse/318637/318637583_schetka-stekloochistitelya-mercedes-benz-sprinter-w906-792706401-a0018203945.jpg (spb.izap24.ru)
[224/346] POLEA ALTERNADOR M. BENZ SPRINTER 315/415/515 (OEM: 535.0168.10)
    query: 535016810 sprinter
      -> OK: https://media.autodoc.de/360_photos/2386729/h-preview.jpg (www.autodoc.es)
[225/346] POLEA DESVIO M. BENZ SPRINTER 315 3.5T (906) (OEM: 532.0108.10)
    query: 532010810 sprinter
      2 rechazados por validación de título
      -> OK: https://bus-shop.com.ua/image/cache/catalog/532010810/ws_serve_pic%281%29-1200x800.jpg (bus-shop.com.ua)
[226/346] POLEA DESVIO MERCEDES BENZ SPRINTER 3.5T (906) (OEM: 532064810)
    query: 532064810 sprinter
      2 rechazados por validación de título
      -> OK: https://media.autodoc.de/360_photos/8003025/h-preview.jpg (www.autodoc.es)
[227/346] POLEA RANURADA M. BENZ SPRINTER OM611 313 (OEM: 014 009 0081)
    query: 0140090081 sprinter
      6 rechazados por validación de título
      -> OK: https://media.autodoc.de/360_photos/2131736/h-preview.jpg (www.autodoc.es)
[228/346] POLEA TENSORA  SPRINTER 313/413/OM611 (OEM: 534.0481.10)
    query: 534048110 sprinter
      9 rechazados por validación de título
      -> OK: https://i.ebayimg.com/images/g/w8gAAOSwk3NdaQzb/s-l400.jpg (www.ebay.com)
[229/346] PONCHO DE AMORTIGUADOR SPRINTER 315-415-515 (OEM: 014 640 0009)
    query: 0146400009 sprinter
      2 rechazados por validación de título
      -> OK: https://cdn.autodoc.de/thumb?id=8562724&m=0&n=0&lng=es&rev=94077979 (www.autodoc.es)
[230/346] PONCHO DE AMORTIGUADOR SPRINTER 315/415/515 (OEM: 9063230292 MECH)
    query: 9063230292MECH sprinter
      10 rechazados por validación de título
    query: "9063230292 MECH"
      7 rechazados por validación de título
    query: A9063230292MECH sprinter
      10 rechazados por validación de título
    query: 9063230292MECH PONCHO DE AMORTIGUADOR SPRINTER 315 415 515
      5 rechazados por validación de título
      -> OK: https://http2.mlstatic.com/D_NQ_NP_608286-MLA85158731396_052025-O.webp (www.mercadolibre.com.ar)
[231/346] PONCHO DE AMORTIGUADOR SPRINTER 315/415/515 (OEM: 750702001)
    query: 750702001 sprinter
      7 rechazados por validación de título
      -> OK: https://resources.cdn-kaspi.kz/img/m/p/p9d/p9c/122388639.jpeg?format=gallery-medium (kaspi.kz)
[232/346] PUERTA LIMPIA PARABRISA SPRINTER 315-415-515 (OEM: 794300701 FREY)
    query: 794300701FREY sprinter
      10 rechazados por validación de título
    query: "794300701 FREY"
      10 rechazados por validación de título
    query: A794300701FREY sprinter
      10 rechazados por validación de título
    query: 794300701FREY PUERTA LIMPIA PARABRISA SPRINTER 315 415 515
      10 rechazados por validación de título
    query: 9068200644 sprinter
      10 rechazados por validación de título
    SIN RESULTADOS
[233/346] RACK CON TERMINAL AYD SPRINTER 313/413 (OEM: 9014600205AYD)
    query: 9014600205AYD sprinter
      10 rechazados por validación de título
    query: A9014600205AYD sprinter
      10 rechazados por validación de título
    query: 9014600205AYD RACK CON TERMINAL AYD SPRINTER 313 413
      9 rechazados por validación de título
    query: RACK CON TERMINAL AYD SPRINTER 313 413 mercedes sprinter repuesto
      8 rechazados por validación de título
      -> OK: https://http2.mlstatic.com/D_NQ_NP_997732-MPE85581039442_062025-O.webp (www.mercadolibre.com.pe)
[234/346] RACK DE DIRECCION MB SPRINTER 515 (OEM: 3114701R)
    query: 3114701R sprinter
      10 rechazados por validación de título
    query: A3114701R sprinter
      10 rechazados por validación de título
    query: 3114701R RACK DE DIRECCION MB SPRINTER 515
      8 rechazados por validación de título
      -> OK: http://http2.mlstatic.com/D_921539-MLA110751217989_042026-C.jpg (listado.mercadolibre.com.ar)
[235/346] RACK DIRECC. C/TERM. M.BENZ SPRINTER 313/413 (OEM: 036 030 0033)
    query: 0360300033 sprinter
      5 rechazados por validación de título
      -> OK: https://cdn.autodoc.de/thumb?id=2114331&m=0&n=0&lng=es&rev=94078032 (www.autodoc.es)
[236/346] RACK DIRECC. M. BENZ SPRINTER 313/413 OM611 (OEM: 0360300021)
    query: 0360300021 sprinter
      4 rechazados por validación de título
      -> OK: https://cdn.autodoc.de/thumb?id=2114328&m=0&n=0&lng=es&rev=94077995 (www.autodoc.es)
[237/346] RACK SPRINTER 415-515 (OEM: RHD1001-CP)
    query: RHD1001 sprinter
      8 rechazados por validación de título
      -> OK: https://www.repuestosallende.pe/_next/image?url=https%3A%2F%2Fpub-ffd42694eda64a2f8f58d0f4b85d68be.r2.dev%2Fproductos%2Fffae9556-8924-4c17-93ec-5ebbc5a36ad2.jpg%3Fv%3D1782885147&w=3840&q=75 (www.repuestosallende.pe)
[238/346] RADIADOR M. BENZ SPRINTER 415/515 (OEM: 734926 VAL)
    query: 734926VAL sprinter
      10 rechazados por validación de título
    query: "734926 VAL"
      10 rechazados por validación de título
    query: A734926VAL sprinter
      10 rechazados por validación de título
    query: 734926VAL RADIADOR M BENZ SPRINTER 415 515
      8 rechazados por validación de título
      -> OK: https://http2.mlstatic.com/D_NQ_NP_986098-MLA108755426333_032026-O.webp (www.mercadolibre.com.ar)
[239/346] RADIADOR SPRINTER 515 (OEM: 9065000102)
    query: 9065000102 sprinter
      6 rechazados por validación de título
      -> OK: https://i.ebayimg.com/images/g/mjYAAOSwQydnWd1b/s-l400.jpg (www.ebay.com)
[240/346] REPSET EMB M. BENZ SPRINTER 315, 415 OM651 (OEM: 624.3408.33)
    query: 624340833 sprinter
      4 rechazados por validación de título
      -> OK: https://cdn.autodoc.de/thumb?id=624051&m=0&n=0&lng=es&rev=94077993 (www.autodoc.es)
[241/346] REPSET EMB M. BENZ SPRINTER 315,415 OM651 (OEM: 624 3408 09)
    query: 624340809 sprinter
      5 rechazados por validación de título
      -> OK: https://i.ebayimg.com/images/g/YHoAAOSwT6pnN4Oi/s-l400.jpg (www.ebay.ca)
[242/346] REPSET EMB M. BENZ SPRINTER 415,515 OM646    10/12 (OEM: 624.3247.19)
    query: 624324719 sprinter
      3 rechazados por validación de título
      -> OK: https://http2.mlstatic.com/D_NQ_NP_769226-MLU75084986563_032024-O.webp (www.mercadolibre.com.ar)
[243/346] REPSET EMB M. BENZ SPRINTER 415,515 OM646 3-5T (906) (OEM: 624.3247.33)
    query: 624324733 sprinter
      4 rechazados por validación de título
      -> OK: https://i.ebayimg.com/images/g/5mUAAOSwu1ZnN4MM/s-l1200.jpg (www.ebay.co.uk)
[244/346] RETEN CIGUEÑAL DELT OM651 SPRINTER 515 (OEM: 742.950)
    query: 742950 sprinter
      3 rechazados por validación de título
      -> OK: https://http2.mlstatic.com/D_NQ_NP_786228-MLB76935357819_062024-O.webp (www.mercadolivre.com.br)
[245/346] RETEN DE CORONA  SPRINTER 315 (OEM: 015 997 03.46)
    query: 0159970346 sprinter
      5 rechazados por validación de título
      -> OK: https://www.tagaautopartes.com.br/uploads/products/migrated-2bca4fd0-edaf-42f1-9f1d-33072b3684ab-0-1772022476004.webp (www.tagaautopartes.com.br)
[246/346] RETEN DE CORONA SPRINTER 313/413 (OEM: 02.67.251-CP)
    query: 0267251 sprinter
      10 rechazados por validación de título
    query: "02.67.251"
      10 rechazados por validación de título
    query: A0267251 sprinter
      10 rechazados por validación de título
    query: 0267251 RETEN DE CORONA SPRINTER 313 413
      7 rechazados por validación de título
      -> OK: https://http2.mlstatic.com/D_NQ_NP_905339-MLA83178661201_032025-O.webp (www.mercadolibre.com.ar)
[247/346] RETEN RDA M. BENZ SPRINTER 313/413 DELT (OEM: TS/03321BRG)
    query: TS03321BRG sprinter
      10 rechazados por validación de título
    query: ATS03321BRG sprinter
      10 rechazados por validación de título
    query: TS03321BRG RETEN RDA M BENZ SPRINTER 313 413 DELT
      7 rechazados por validación de título
      -> OK: https://cdn.autodoc.de/thumb?id=9805961&m=0&n=0&lng=es&rev=94078062 (www.autodoc.es)
[248/346] RETEN RUEDA DELANTERA SPRINTER 313/413 (OEM: 82026327)
    query: 82026327 sprinter
      9 rechazados por validación de título
      -> OK: https://cdn.autodoc.de/thumb?id=2091511&m=0&n=0&lng=es&rev=94077992 (www.autodoc.es)
[249/346] RETEN VOLANTE M. BENZ SPRINTER 313/315/415/416/515/516 (OEM: 05964-BRGF)
    query: 05964BRGF sprinter
      6 rechazados por validación de título
      -> OK: https://http2.mlstatic.com/D_NQ_NP_675644-MLA100917970980_122025-O.webp (www.mercadolibre.com.ar)
[250/346] REVESTIMIENTO DE LOS FAROS DELANTERO SPRINTER 415CDI 515 (OEM: 790101)
    query: 790101 sprinter
      10 rechazados por validación de título
    query: A790101 sprinter
      10 rechazados por validación de título
    query: 790101 REVESTIMIENTO DE LOS FAROS DELANTERO SPRINTER 415CDI 515
      3 rechazados por validación de título
      -> OK: https://http2.mlstatic.com/D_NQ_NP_972877-MPE105981359568_022026-O.webp (www.mercadolibre.com.pe)
[251/346] RODAJE  DE RUEDA DELANTERA SPRINTER 315/415/515 (OEM: 014 652 0005)
    query: 0146520005 sprinter
      4 rechazados por validación de título
      -> OK: https://media.autodoc.de/360_photos/16185233/h-preview.jpg (www.autodoc.es)
[252/346] RODAJE CON EJE DERECHO POSTERIOR SPRINTER 315/415 (OEM: 766000401)
    query: 766000401 sprinter
      9 rechazados por validación de título
      -> OK: https://mdmecanic.ro/media/djcatalog2/images/item/2/766000401_f.jpg (mdmecanic.ro)
[253/346] RODAJE CON EJE IZQUIERDO POSTERIOR SPRINTER 315/415/416 (OEM: 766000101.)
    query: 766000101 sprinter
      4 rechazados por validación de título
      -> OK: https://cdn.izap24.ru/images/prodacts/sourse/340274/340274266_poluos-mercedes-benz-sprinter-w906-766000101.jpg (mogilev.izap24.by)
[254/346] RODAJE DE PUERTA INFERIOR SPRINTER 315-415-515 (OEM: 793906401)
    query: 793906401 sprinter
      10 rechazados por validación de título
    query: A793906401 sprinter
      10 rechazados por validación de título
    query: 793906401 RODAJE DE PUERTA INFERIOR SPRINTER 315 415 515
      5 rechazados por validación de título
      -> OK: https://http2.mlstatic.com/D_NQ_NP_724184-MLA74649020082_022024-O.webp (www.mercadolibre.com.ar)
[255/346] RODAJE DE PUERTA SUPERIOR SPRINTER 315-415-515 (OEM: 793905701 FREY)
    query: 793905701FREY sprinter
      10 rechazados por validación de título
    query: "793905701 FREY"
      10 rechazados por validación de título
    query: A793905701FREY sprinter
      10 rechazados por validación de título
    query: 793905701FREY RODAJE DE PUERTA SUPERIOR SPRINTER 315 415 515
      7 rechazados por validación de título
      -> OK: https://http2.mlstatic.com/D_NQ_NP_695164-MLM94684232719_102025-O.webp (www.mercadolibre.com.mx)
[256/346] RODAJE DOBLE POST. M. BENZ SPRINTER 315/415 OM611 (OEM: 0147520006)
    query: 0147520006 sprinter
      6 rechazados por validación de título
      -> OK: https://cdn.autodoc.de/thumb?id=8344230&m=0&n=0&lng=es&rev=94078027 (www.autodoc.es)
[257/346] RODAJE POST. M. BENZ SPRINTER 313 (OEM: 014 750 0000)
    query: 0147500000 sprinter
      5 rechazados por validación de título
      -> OK: https://bus-shop.com.ua/image/catalog/106771/ws_serve_pic.jpeg (bus-shop.com.ua)
[258/346] RODAJE POSTERIOR SPRINTER  315/415 (OEM: 785604301)
    query: 785604301 sprinter
      10 rechazados por validación de título
    query: A785604301 sprinter
      10 rechazados por validación de título
    query: 785604301 RODAJE POSTERIOR SPRINTER 315 415
      10 rechazados por validación de título
    query: 9063503810 sprinter
      10 rechazados por validación de título
    query: RODAJE POSTERIOR SPRINTER 315 415 mercedes sprinter repuesto
      9 rechazados por validación de título
      -> OK: https://http2.mlstatic.com/D_NQ_NP_758630-MPE81964022327_012025-O.webp (www.mercadolibre.com.pe)
[259/346] ROTULA C/BOCINA DE TRAPEC. M. BENZ SPRINTER 515 OM651 (OEM: 114 653 0000)
    query: 1146530000 sprinter
      4 rechazados por validación de título
      -> OK: https://i.ebayimg.com/images/g/FFcAAeSw6hto7hfx/s-l1600.jpg (slz.az)
[260/346] ROTULA DE DIRECCION SPRINTER 315/415/515 NULO (OEM: 750003501 NULO)
    query: 750003501NULO sprinter
      10 rechazados por validación de título
    query: "750003501 NULO"
      7 rechazados por validación de título
    query: A750003501NULO sprinter
      10 rechazados por validación de título
    query: 750003501NULO ROTULA DE DIRECCION SPRINTER 315 415 515 NULO
      7 rechazados por validación de título
      -> OK: https://http2.mlstatic.com/D_NQ_NP_903178-MPE81964013015_012025-O.webp (www.mercadolibre.com.pe)
[261/346] ROTULA M. BENZ SPRINTER 313/413 (OEM: 901 333 12.27)
    query: 9013331227 sprinter
      3 rechazados por validación de título
      -> OK: https://i.ebayimg.com/images/g/QIEAAOSwMsxkkpsY/s-l400.jpg (www.ebay.co.uk)
[262/346] ROTULA M. BENZ SPRINTER 313/413 (OEM: 036 010 0113)
    query: 0360100113 sprinter
      3 rechazados por validación de título
      -> OK: https://images.prom.ua/2115296237_opora-kulova-mb.jpg (sprinter.lt.ua)
[263/346] ROTULA M. BENZ SPRINTER 413 VW LT 28-46 (OEM: 036 020 0113)
    query: 0360200113 sprinter
      2 rechazados por validación de título
      -> OK: https://i.ebayimg.com/images/g/yLAAAeSwsdtoHBIL/s-l400.jpg (www.ebay.co.uk)
[264/346] ROTULA MB SPRINTER 515 (OEM: 906 333 0227)
    query: 9063330227 sprinter
      -> OK: https://http2.mlstatic.com/D_NQ_NP_733332-MLC81727148885_122024-O.webp (www.mercadolibre.cl)
[265/346] ROTULA SPRINTER 515 (OEM: 113 377-CP)
    query: 113377 sprinter
      10 rechazados por validación de título
    query: "113 377"
      10 rechazados por validación de título
    query: A113377 sprinter
      10 rechazados por validación de título
    query: 113377 ROTULA SPRINTER 515
      2 rechazados por validación de título
      -> OK: https://media.autodoc.de/360_photos/1886341/h-preview.jpg (www.autodoc.es)
[266/346] ROTULA SUSP. M. BENZ SPRINTER 315/415/515/416/516  VW CRAFTER (OEM: 016 010 0015)
    query: 0160100015 sprinter
      1 rechazados por validación de título
      -> OK: https://i.ebayimg.com/images/g/zfYAAOSwFnFWEpoo/s-l400.jpg (www.ebay.es)
[267/346] SEGUROS DE CAPO SPRINTER 315-415-515 (OEM: 792905501)
    query: 792905501 sprinter
      8 rechazados por validación de título
      -> OK: https://www.repuestosallende.pe/_next/image?url=https%3A%2F%2Fpub-ffd42694eda64a2f8f58d0f4b85d68be.r2.dev%2Fproductos%2Fffae9556-8924-4c17-93ec-5ebbc5a36ad2.jpg%3Fv%3D1782885147&w=3840&q=75 (www.repuestosallende.pe)
[268/346] SEGUROS DE CAPO SPRINTER 315-415-515 (OEM: 792905601)
    query: 792905601 sprinter
      7 rechazados por validación de título
      -> OK: https://cdn.izap24.ru/images/prodacts/sourse/313521/313521133_zamok-kapota-mercedes-benz-sprinter-w901-w909-classic-792905601-a9067500450.jpg (izap24.ru)
[269/346] SEGUROS DE PASTILLAS DE FRENO DELANT. SPRINTER 515 (OEM: 797312301)
    query: 797312301 sprinter
      10 rechazados por validación de título
    query: A797312301 sprinter
      10 rechazados por validación de título
    query: 797312301 SEGUROS DE PASTILLAS DE FRENO DELANT SPRINTER 515
      8 rechazados por validación de título
      -> OK: https://http2.mlstatic.com/D_NQ_NP_976143-MPE81790620593_012025-O.webp (www.mercadolibre.com.pe)
[270/346] SENSOR  DELANTERO SPRINTER 515 (OEM: 906 905 3301)
    query: 9069053301 sprinter
      -> OK: https://i.ebayimg.com/00/s/MzYwWDUwMA==/z/dxoAAOSwu4BV0zch/$_12.JPG (www.ebay.com)
[271/346] SENSOR ABS DELANTERO IZQ. OM651 SPRINTER 515 NULO (OEM: 782208401 NULO)
    query: 782208401NULO sprinter
      8 rechazados por validación de título
      -> OK: https://www.repuestosallende.pe/_next/image?url=https%3A%2F%2Fpub-ffd42694eda64a2f8f58d0f4b85d68be.r2.dev%2Fproductos%2Fffae9556-8924-4c17-93ec-5ebbc5a36ad2.jpg%3Fv%3D1782885147&w=3840&q=75 (www.repuestosallende.pe)
[272/346] SENSOR ABS POSTERIOR SPRINTER 515 NULO (OEM: 780855101 NULO)
    query: 780855101NULO sprinter
      10 rechazados por validación de título
    query: "780855101 NULO"
      3 rechazados por validación de título
      -> OK: https://www.repuestosallende.pe/_next/image?url=https%3A%2F%2Fpub-ffd42694eda64a2f8f58d0f4b85d68be.r2.dev%2Fproductos%2Fffae9556-8924-4c17-93ec-5ebbc5a36ad2.jpg%3Fv%3D1782885147&w=3840&q=75 (www.repuestosallende.pe)
[273/346] SENSOR DE CIGUEÑAL MERCEDEZ SPRINTER 515 (OEM: A0091535128)
    query: A0091535128 sprinter
      1 rechazados por validación de título
      -> OK: https://i.ebayimg.com/images/g/mFEAAOSw6yBgUG2J/s-l1200.jpg (www.ebay.com)
[274/346] SENSOR DE MASA DE AIRE M.BENZ SPRINTER OM651 315/415 (OEM: 7.22684.11.0)
    query: 722684110 sprinter
      3 rechazados por validación de título
      -> OK: https://http2.mlstatic.com/D_NQ_NP_760632-MLA86040441547_062025-O.webp (www.mercadolibre.com.ar)
[275/346] SENSOR FRENO DELT. M. BENZ SPRINTER 315/415/515 DELT (OEM: 014 527 0003)
    query: 0145270003 sprinter
      6 rechazados por validación de título
      -> OK: https://bus-shop.com.ua/image/cache/catalog/bc0202/3c18ac87-1200x800.jpeg (bus-shop.com.ua)
[276/346] SENSOR PASTILLAS DE FRENO POSTERIOR SPRINTER  515 (OEM: 014 527 0004)
    query: 0145270004 sprinter
      10 rechazados por validación de título
    query: "014 527 0004"
      10 rechazados por validación de título
    query: A0145270004 sprinter
      8 rechazados por validación de título
      -> OK: https://i.ebayimg.com/images/g/ZoUAAOSwjzJbKkyy/s-l1200.jpg (www.ebay.co.uk)
[277/346] SENSOR PASTILLAS DELT/POST M. BENZ SPRINTER 313/413 (OEM: 014 527 0001)
    query: 0145270001 sprinter
      7 rechazados por validación de título
      -> OK: https://avatars.mds.yandex.net/get-mpic/17987625/2a0000019ab721b77adb1ece559881887619/orig (market.yandex.ru)
[278/346] SENSOR PASTILLAS POST. M. BENZ SPRINTER 315 014 527 0000 (OEM: 014 527 0000)
    query: 0145270000 sprinter
      1 rechazados por validación de título
      -> OK: https://bus-shop.com.ua/image/cache/catalog/01452700001/9b0cf595-1200x800.jpeg (bus-shop.com.ua)
[279/346] SENSOR POSTERIOR SPRINTER 515 (OEM: 906 905 3701)
    query: 9069053701 sprinter
      3 rechazados por validación de título
      -> OK: https://cdn.autodoc.de/thumb?id=16439424&m=0&n=0&lng=en&rev=94078043 (www.autodoc24.fr)
[280/346] SENSOR TEMP M. BENZ SPRINTER 216,208,209,311,313,315, (OEM: 201.0867 IG)
    query: 2010867IG sprinter
      10 rechazados por validación de título
    query: "201.0867 IG"
      7 rechazados por validación de título
    query: A2010867IG sprinter
      10 rechazados por validación de título
    query: 2010867IG SENSOR TEMP M BENZ SPRINTER 216 208 209 311 313 315
      1 rechazados por validación de título
      -> OK: https://media.autodoc.de/360_photos/18352710/h-preview.jpg (www.autodoc.es)
[281/346] SENSOR, POSICION ARBOL LEVAS M. BENZ SPRINTER 313/413 (OEM: 014 800 0090)
    query: 0148000090 sprinter
      3 rechazados por validación de título
      -> OK: https://cdn.autodoc.de/thumb?id=8562809&m=0&n=0&lng=es&rev=94077995 (www.autodoc.es)
[282/346] SEPARADOR BANCADA M.BENZ SPRINTER OM611 313/413 (OEM: 78 662 600)
    query: 78662600 sprinter
      9 rechazados por validación de título
      -> OK: https://truckdrive.ru/i/foto-78662600-vkladyshi-upornye-mersedes-sprinter.jpg (truckdrive.ru)
[283/346] SEPARADOR M.BENZ SPRINTER 313-413 (OEM: L-48022 STD-CP)
    query: L48022STD sprinter
      9 rechazados por validación de título
      -> OK: https://www.repuestosallende.pe/_next/image?url=https%3A%2F%2Fpub-ffd42694eda64a2f8f58d0f4b85d68be.r2.dev%2Fproductos%2Fffae9556-8924-4c17-93ec-5ebbc5a36ad2.jpg%3Fv%3D1782885147&w=3840&q=75 (www.repuestosallende.pe)
[284/346] SERVO DE DIRECCION SPRINTER 415/515 OM651 (OEM: JPR1095)
    query: JPR1095 sprinter
      2 rechazados por validación de título
      -> OK: https://imagens.bomprecopecas.com.br/produtos/bomba-direcao-hidraulica-jpr1095-571196-5.png (www.bomprecopecas.com.br)
[285/346] SERVO DIRECCION  MB.SPRINTER 315-415- 515 (OEM: 01 1390 65100 OEG-CP)
    query: 01139065100OEG sprinter
      10 rechazados por validación de título
    query: "01 1390 65100 OEG"
      7 rechazados por validación de título
    query: A01139065100OEG sprinter
      10 rechazados por validación de título
    query: 01139065100OEG SERVO DIRECCION MB SPRINTER 315 415 515
      10 rechazados por validación de título
    query: SERVO DIRECCION MB SPRINTER 315 415 515 mercedes sprinter repuesto
      10 rechazados por validación de título
    SIN RESULTADOS
[286/346] SERVO DIRECCION M.BENZ SPRINTER 515 (OEM: 41200-19HY13-CP)
    query: 4120019HY13 sprinter
      10 rechazados por validación de título
    query: "41200-19HY13"
      4 rechazados por validación de título
    query: A4120019HY13 sprinter
      10 rechazados por validación de título
    query: 4120019HY13 SERVO DIRECCION M BENZ SPRINTER 515
      10 rechazados por validación de título
    query: SERVO DIRECCION M BENZ SPRINTER 515 mercedes sprinter repuesto
      8 rechazados por validación de título
      -> OK: https://media.autodoc.de/360_photos/8100109/h-preview.jpg (www.autodoc.es)
[287/346] SERVO DIRECCION SPRINTER 315/415/515 (OEM: 0064667801 MECH)
    query: 0064667801MECH sprinter
      10 rechazados por validación de título
    query: "0064667801 MECH"
      7 rechazados por validación de título
    query: A0064667801MECH sprinter
      9 rechazados por validación de título
      -> OK: https://http2.mlstatic.com/D_NQ_NP_957340-MLM72184379861_102023-O.webp (www.mercadolibre.com.mx)
[288/346] SET EMP. PARTE ALTA M. BENZ SPRINTER OM611LA 313/413 (OEM: 611 010 45.20)
    query: 6110104520 sprinter
      3 rechazados por validación de título
      -> OK: https://cdn.awsli.com.br/2500x2500/1142/1142868/produto/44784165/jogo-junta-superior-s-tampa-s-retentor-mercedes-om-611a-la-646-sprinter-61101045-ljs1detb00.jpg (www.superdiesel.com.br)
[289/346] SET. EMP. PARTE BAJA M. BENZ SPRINTER OM611LA 313/413 (OEM: 611 010 06.05)
    query: 6110100605 sprinter
      2 rechazados por validación de título
      -> OK: https://www.tagaautopartes.com.br/_next/image?url=https%3A%2F%2Fwww.tagaautopartes.com.br%2Fuploads%2Fproducts%2F5a340ba22a6ec5c3a68a6921ee42bd5f.png&w=3840&q=75 (www.tagaautopartes.com.br)
[290/346] SOPORTE CARDAN 45MM SPRINTER  415 /515 SIN BOCINA    CARDAN    1 (OEM: R-3043 SR)
    query: R3043SR sprinter
      10 rechazados por validación de título
    query: "R-3043 SR"
      6 rechazados por validación de título
    query: AR3043SR sprinter
      10 rechazados por validación de título
    query: R3043SR SOPORTE CARDAN 45MM SPRINTER 415 515 SIN BOCINA CARDAN 1
      7 rechazados por validación de título
      -> OK: https://http2.mlstatic.com/D_NQ_NP_786483-MPE89923587759_082025-O.webp (www.mercadolibre.com.pe)
[291/346] SOPORTE CARDAN FLEXOR M. BENZ SPRINTER 415/515 N (OEM: 014 152 0070)
    query: 0141520070 sprinter
      6 rechazados por validación de título
      -> OK: https://bus-shop.com.ua/image/cache/catalog/0141520070/df90489e-1200x800.jpeg (bus-shop.com.ua)
[292/346] SOPORTE CARDAN GRANDE SPRINTER 415 (OEM: 895560-CP)
    query: 895560 sprinter
      10 rechazados por validación de título
    query: A895560 sprinter
      10 rechazados por validación de título
    query: 895560 SOPORTE CARDAN GRANDE SPRINTER 415
      7 rechazados por validación de título
      -> OK: https://http2.mlstatic.com/D_NQ_NP_786483-MPE89923587759_082025-O.webp (www.mercadolibre.com.pe)
[293/346] SOPORTE CARDAN M. BENZ SPRINTER  315  47 MM (OEM: 034 151 0003/S)
    query: 0341510003S sprinter
      1 rechazados por validación de título
      -> OK: https://cdn.autodoc.de/thumb?id=13611588&m=0&n=0&lng=es&rev=94078042 (www.autodoc.es)
[294/346] SOPORTE CARDAN M. BENZ SPRINTER 313/413 (OEM: 9034100010)
    query: 9034100010 sprinter
      6 rechazados por validación de título
      -> OK: https://www.cei.it/ecatalogue_webapp/scripts/readFileIntra/readDatasheetsFileIntra.php?file=284057_C02_R01_4653.jpg&tipo=IMG_Codici&nome=9034100010.jpg (www.cei.it)
[295/346] SOPORTE CARDAN M. BENZ SPRINTER 515 - VW CRAFTER (OEM: 9064100281)
    query: 9064100281 sprinter
      3 rechazados por validación de título
      -> OK: https://i.ebayimg.com/images/g/zo4AAOSwEeJnI1Eb/s-l1200.jpg (www.ebay.com)
[296/346] SOPORTE CARDAN SPRINTER 315/415/515 (OEM: 770013201 FREY)
    query: 770013201FREY sprinter
      9 rechazados por validación de título
      -> OK: https://msk.cf7.ru/Files/ImageSetting/Value/150/big/DSC00270.JPG?v=120722064326346 (msk.cf7.ru)
[297/346] SOPORTE DE AMORT. DEL. M. BENZ SPRINTER C/ 15/515 (OEM: 906323 05.20 GKD)
    query: 9063230520GKD sprinter
      10 rechazados por validación de título
    query: "906323 05.20 GKD"
      3 rechazados por validación de título
      -> OK: https://www.repuestosallende.pe/_next/image?url=https%3A%2F%2Fpub-ffd42694eda64a2f8f58d0f4b85d68be.r2.dev%2Fproductos%2Fffae9556-8924-4c17-93ec-5ebbc5a36ad2.jpg%3Fv%3D1782885147&w=3840&q=75 (www.repuestosallende.pe)
[298/346] SOPORTE DE CAJA POSTERIOR SPRINTER 313 (OEM: 2050704247)
    query: 2050704247 sprinter
      10 rechazados por validación de título
    query: A2050704247 sprinter
      10 rechazados por validación de título
    query: 2050704247 SOPORTE DE CAJA POSTERIOR SPRINTER 313
      3 rechazados por validación de título
      -> OK: https://media.autodoc.de/360_photos/8197734/h-preview.jpg (www.autodoc.es)
[299/346] SOPORTE DE CAJA POSTERIOR SPRINTER 313/413  R3367 (OEM: R-3367 SR)
    query: R3367SR sprinter
      10 rechazados por validación de título
    query: "R-3367 SR"
      6 rechazados por validación de título
    query: AR3367SR sprinter
      10 rechazados por validación de título
    query: R3367SR SOPORTE DE CAJA POSTERIOR SPRINTER 313 413 R3367
      5 rechazados por validación de título
      -> OK: https://http2.mlstatic.com/D_NQ_NP_727652-MLA43150325500_082020-O.webp (www.mercadolibre.com.ar)
[300/346] SOPORTE DE CAJA POSTERIOR SPRINTER 315/415/515 (OEM: 770001501 FREY)
    query: 770001501FREY sprinter
      10 rechazados por validación de título
    query: "770001501 FREY"
      10 rechazados por validación de título
    query: A770001501FREY sprinter
      10 rechazados por validación de título
    query: 770001501FREY SOPORTE DE CAJA POSTERIOR SPRINTER 315 415 515
      2 rechazados por validación de título
      -> OK: https://http2.mlstatic.com/D_NQ_NP_609983-MLA107166555590_022026-O.webp (www.mercadolibre.com.ar)
[301/346] SOPORTE DE CARDAN  SPRINTER 313/413 (OEM: 034 041 0010)
    query: 0340410010 sprinter
      5 rechazados por validación de título
      -> OK: https://http2.mlstatic.com/D_NQ_NP_978810-MPE83077786056_032025-O.webp (www.mercadolibre.com.pe)
[302/346] SOPORTE DE CARDAN COMPLETO 45MM SPRINTER 313/413 (OEM: R-3052 SR)
    query: R3052SR sprinter
      9 rechazados por validación de título
      -> OK: https://www.repuestosallende.pe/_next/image?url=https%3A%2F%2Fpub-ffd42694eda64a2f8f58d0f4b85d68be.r2.dev%2Fproductos%2Fffae9556-8924-4c17-93ec-5ebbc5a36ad2.jpg%3Fv%3D1782885147&w=3840&q=75 (www.repuestosallende.pe)
[303/346] SOPORTE DE MUELLE DELANTERO SPRINTER 313/413  ALTURA 35MM (OEM: R-3239 SR)
    query: R3239SR sprinter
      9 rechazados por validación de título
      -> OK: https://www.repuestosallende.pe/_next/image?url=https%3A%2F%2Fpub-ffd42694eda64a2f8f58d0f4b85d68be.r2.dev%2Fproductos%2Fffae9556-8924-4c17-93ec-5ebbc5a36ad2.jpg%3Fv%3D1782885147&w=3840&q=75 (www.repuestosallende.pe)
[304/346] SOPORTE DE PARACHOQUE DERECHO SPRINTER 315-415-515 (OEM: 795405701 FREY)
    query: 795405701FREY sprinter
      9 rechazados por validación de título
      -> OK: https://www.repuestosallende.pe/_next/image?url=https%3A%2F%2Fpub-ffd42694eda64a2f8f58d0f4b85d68be.r2.dev%2Fproductos%2Fffae9556-8924-4c17-93ec-5ebbc5a36ad2.jpg%3Fv%3D1782885147&w=3840&q=75 (www.repuestosallende.pe)
[305/346] SOPORTE DE PARACHOQUE IZQUIERDO SPRINTER 315-415-515 (OEM: 795405601 FREY)
    query: 795405601FREY sprinter
      10 rechazados por validación de título
    query: "795405601 FREY"
      8 rechazados por validación de título
    query: A795405601FREY sprinter
      10 rechazados por validación de título
    query: 795405601FREY SOPORTE DE PARACHOQUE IZQUIERDO SPRINTER 315 415 515
      10 rechazados por validación de título
    query: 9068890031 sprinter
      10 rechazados por validación de título
    SIN RESULTADOS
[306/346] SOPORTE MOTOR DELANTERO  IZQUIERDO SPRINTER 315/415/515 R3457A (OEM: R-3457A)
    query: R3457A sprinter
      6 rechazados por validación de título
      -> OK: https://www.repuestosallende.pe/_next/image?url=https%3A%2F%2Fpub-ffd42694eda64a2f8f58d0f4b85d68be.r2.dev%2Fproductos%2Fffae9556-8924-4c17-93ec-5ebbc5a36ad2.jpg%3Fv%3D1782885147&w=3840&q=75 (www.repuestosallende.pe)
[307/346] SOPORTE MOTOR DELANTERO SOLO DERECHO SPRINTER 315/415/515  R3458 (OEM: R-3458)
    query: R3458 sprinter
      4 rechazados por validación de título
      -> OK: https://images.tcdn.com.br/img/img_prod/1242027/coxim_dianteiro_direito_motor_mb_sprinter_r3458_2821_1_fde70451eed3a19d20dde9d203dee9b4.jpeg (www.autopecashenn.com.br)
[308/346] SOPORTE MOTOR DELT SPRINTER 313/413 OM611 R3242 SR (OEM: R-3242 SR)
    query: R3242SR sprinter
      10 rechazados por validación de título
    query: "R-3242 SR"
      6 rechazados por validación de título
    query: AR3242SR sprinter
      10 rechazados por validación de título
    query: R3242SR SOPORTE MOTOR DELT SPRINTER 313 413 OM611 R3242 SR
      6 rechazados por validación de título
      -> OK: https://http2.mlstatic.com/D_NQ_NP_658492-MLA108946120429_032026-O.webp (www.mercadolibre.com.ar)
[309/346] TAPA DE RUEDA SPRINTER 515 (OEM: 9064000225)
    query: 9064000225 sprinter
      3 rechazados por validación de título
      -> OK: https://i.ebayimg.com/images/g/7IoAAOSw4Gtli8M4/s-l1200.jpg (www.ebay.com)
[310/346] TAPA DEPOSITO REFRIG. M. BENZ SPRINTER 415 (OEM: 014 238 0004)
    query: 0142380004 sprinter
      4 rechazados por validación de título
      -> OK: https://cdn.autodoc.de/thumb?id=14454723&m=0&n=0&lng=es&rev=94077979 (www.autodoc.es)
[311/346] TEMPLADOR CORREA M. BENZ SPRINTER 313/413 OM611 (OEM: 014 020 0096)
    query: 0140200096 sprinter
      5 rechazados por validación de título
      -> OK: https://media.autodoc.de/360_photos/23882366/h-preview.jpg (www.autodoc.es)
[312/346] TERMINAL DE DIRECCION MB SPRINTER 515 (OEM: 3114801)
    query: 3114801 sprinter
      2 rechazados por validación de título
      -> OK: https://i.ebayimg.com/images/g/aLQAAOSw~VZlCoSs/s-l400.jpg (www.ebay.com.au)
[313/346] TERMINAL DE DIRECCION SPRINTER 315/415/515 (OEM: 9064600048 MECH)
    query: 9064600048MECH sprinter
      10 rechazados por validación de título
    query: "9064600048 MECH"
      7 rechazados por validación de título
    query: A9064600048MECH sprinter
      10 rechazados por validación de título
    query: 9064600048MECH TERMINAL DE DIRECCION SPRINTER 315 415 515
      8 rechazados por validación de título
      -> OK: https://http2.mlstatic.com/D_NQ_NP_883957-MLC75279189006_032024-O.webp (www.mercadolibre.cl)
[314/346] TERMINAL DE DIRECCION SPRINTER 315/415/515 (OEM: 750013601 FREY)
    query: 750013601FREY sprinter
      10 rechazados por validación de título
    query: "750013601 FREY"
      10 rechazados por validación de título
    query: A750013601FREY sprinter
      10 rechazados por validación de título
    query: 750013601FREY TERMINAL DE DIRECCION SPRINTER 315 415 515
      8 rechazados por validación de título
      -> OK: https://http2.mlstatic.com/D_NQ_NP_883957-MLC75279189006_032024-O.webp (www.mercadolibre.cl)
[315/346] TERMINAL DERECHO DE DIRECCION SPRINTER  516 (OEM: 016 020 0068)
    query: 0160200068 sprinter
      5 rechazados por validación de título
      -> OK: https://cdn.autodoc.de/thumb?id=16627524&m=0&n=0&lng=es&rev=94078027 (www.autodoc.es)
[316/346] TERMINAL DERECHO DE DIRECCION SPRINTER  SP.416/516 (OEM: 9074606400 MECH)
    query: 9074606400MECH sprinter
      10 rechazados por validación de título
    query: "9074606400 MECH"
      6 rechazados por validación de título
    query: A9074606400MECH sprinter
      10 rechazados por validación de título
    query: 9074606400MECH TERMINAL DERECHO DE DIRECCION SPRINTER SP 416 516
      8 rechazados por validación de título
      -> OK: https://http2.mlstatic.com/D_NQ_NP_704038-MPE81964012993_012025-O.webp (www.mercadolibre.com.pe)
[317/346] TERMINAL DIR. M. BENZ SPRINTER 313 (OEM: 016 020 0041)
    query: 0160200041 sprinter
      1 rechazados por validación de título
      -> OK: https://media.autodoc.de/360_photos/1769404/h-preview.jpg (www.autodoc.es)
[318/346] TERMINAL DIR. M. BENZ SPRINTER 414 (OEM: 016 020 0067/HD)
    query: 0160200067HD sprinter
      6 rechazados por validación de título
      -> OK: https://bestauto.com.ua/imgs/meyle/0160200067hd.webp (bestauto.com.ua)
[319/346] TERMINAL IZQUIERDO DE DIRECCION SPRINTER  516 (OEM: 016 020 0069)
    query: 0160200069 sprinter
      7 rechazados por validación de título
      -> OK: https://s13emagst.akamaized.net/products/102247/102246280/images/res_69cfb63cc545ba2f03b3c4fae56344d5.jpg (www.emag.ro)
[320/346] TERMINAL M. BENZ SPRINTER 313/413 901 (OEM: 036 020 0018)
    query: 0360200018 sprinter
      6 rechazados por validación de título
      -> OK: https://bus-shop.com.ua/image/cache/catalog/0360200018/fe1f965e-1200x800.jpeg (bus-shop.com.ua)
[321/346] TERMINAL SPRINTER 415-515 EXT RH-LH (OEM: TRTV1002)
    query: TRTV1002 sprinter
      8 rechazados por validación de título
      -> OK: https://www.repuestosallende.pe/_next/image?url=https%3A%2F%2Fpub-ffd42694eda64a2f8f58d0f4b85d68be.r2.dev%2Fproductos%2Fffae9556-8924-4c17-93ec-5ebbc5a36ad2.jpg%3Fv%3D1782885147&w=3840&q=75 (www.repuestosallende.pe)
[322/346] TERMOSTATO C/BRIDA M. BENZ SPRINTER 313/413 (OEM: 028 287 0008)
    query: 0282870008 sprinter
      6 rechazados por validación de título
      -> OK: https://www.ws-autoteile.com/bilder/detail_d/aHR0cHM6Ly93d3cud3MtYXV0b3RlaWxlLmNvbS9pbWcvbWV5bGVfdGhlcm1vc3RhdF9rdWVobG1pdHRlbF8wMjgyODcwMDA4X3VuaTAwNXcxMTBfMjAyNDAxMjUxODI0Xzk5LmpwZz9zPTE3NTczMDg3MjgwMDA.webp (www.ws-autoteile.com)
[323/346] TERMOSTATO OM651 SPRINTER 315/415/515 (OEM: 028 228 0004)
    query: 0282280004 sprinter
      6 rechazados por validación de título
      -> OK: https://media.autodoc.de/360_photos/16434708/h-preview.jpg (www.autodoc.es)
[324/346] TERMOSTATO OM651 SPRINTER 315/415/515 (OEM: 02.19.023)
    query: 0219023 sprinter
      8 rechazados por validación de título
      -> OK: https://hodovik.com/components/com_jshopping/files/img_products/full_2019_01_24_13_07_42.png (hodovik.com)
[325/346] THERMOSTATO CON BRIDA MERCEDEZ SPRINTER 313 (OEM: 611 203 05.75)
    query: 6112030575 sprinter
      1 rechazados por validación de título
      -> OK: https://http2.mlstatic.com/D_NQ_NP_926728-MLB90169482221_082025-O.webp (www.mercadolivre.com.br)
[326/346] TORRETA DE AMORTIGUADOR SPRINTER 315/415/515 (OEM: 906 323 0520)
    query: 9063230520 sprinter
      2 rechazados por validación de título
      -> OK: https://i.ebayimg.com/images/g/LsIAAOSw-kxmClyh/s-l1200.jpg (www.ebay.com)
[327/346] TRAPECIO M.BENZ SPRINTER 315/415/515  VW CRAFTER (OEM: 116 050 0091)
    query: 1160500091 sprinter
      7 rechazados por validación de título
      -> OK: https://images.dveejok.md/29/1419492_small.jpg (www.sportan.md)
[328/346] TRAPECIO M.BENZ SPRINTER 315/415/515  VW CRAFTER (OEM: 116 050 0090)
    query: 1160500090 sprinter
      8 rechazados por validación de título
      -> OK: https://avatars.mds.yandex.net/get-mpic/15285180/2a0000019a5e939bec9b3d4770ccd479cc25/orig (market.yandex.ru)
[329/346] TUBO DE ADMISION SPRINTER 313/315/316 (OEM: 713004301)
    query: 713004301 sprinter
      10 rechazados por validación de título
    query: A713004301 sprinter
      10 rechazados por validación de título
    query: 713004301 TUBO DE ADMISION SPRINTER 313 315 316
      6 rechazados por validación de título
      -> OK: https://cdn.autodoc.de/thumb?id=20301280&m=0&n=0&lng=es&rev=94078066 (www.autodoc.es)
[330/346] TUERCA DE PERNO RUEDA SPRINTER 315/415/515 (OEM: 751502801 FREY)
    query: 751502801FREY sprinter
      9 rechazados por validación de título
      -> OK: https://pubimg.nodacdn.net/images/full/10fc4b7d138ddfd566fd4d66fac401ec7e0e840002.jpeg (zap82.ru)
[331/346] TURBO SPRINTER 313 (OEM: GT1852V-CP)
    query: GT1852V sprinter
      3 rechazados por validación de título
      -> OK: http://turbocare.co.nz/cdn/shop/files/garrett-turbo-for-gt1852v-mercedes-benz-sprinter-2-2l-512.jpg?v=1757046082 (turbocare.co.nz)
[332/346] TURBO SPRINTER OM611 313 (OEM: TC0480330-CP)
    query: TC0480330 sprinter
      -> OK: https://http2.mlstatic.com/D_NQ_NP_846151-MLA91577732743_092025-O.webp (www.mercadolibre.com.ar)
[333/346] VALVULA ADM. M. BENZ SPRINTER OM651 315/415 (OEM: 261140 MS)
    query: 261140MS sprinter
      8 rechazados por validación de título
      -> OK: https://http2.mlstatic.com/D_NQ_NP_678178-MPE78978224229_092024-O.webp (www.mercadolibre.com.pe)
[334/346] VÁLVULA EGR M. BENZ SPRINTER OM611 313/413 (OEM: 7.24809.34.0)
    query: 724809340 sprinter
      2 rechazados por validación de título
      -> OK: https://media.autodoc.de/360_photos/7183297/h-preview.jpg (www.autodoc.es)
[335/346] VÁLVULA EGR M. BENZ SPRINTER OM611 313/413 (OEM: 7.24809.35.0)
    query: 724809350 sprinter
      9 rechazados por validación de título
      -> OK: https://cdn.autodoc.de/thumb?id=7281224&m=0&n=0&lng=es&rev=94078023 (www.autodoc.es)
[336/346] VALVULA ELECTRO/CONVERTIDOR PRESION M. BENZ SPRINTER 311/415/313/515/416/516 (OEM: 7 00782 12 0)
    query: 700782120 sprinter
      3 rechazados por validación de título
      -> OK: https://perimpecas.com.br/fotos/328942.jpg (perimpecas.com.br)
[337/346] VALVULA ELECTRO/CONVERTIDOR PRESION M. BENZ SPRINTER 311/415/313/515/416/516 (OEM: 7.00782.12.0)
    query: 700782120 sprinter
      3 rechazados por validación de título
      -> OK: https://perimpecas.com.br/fotos/328942.jpg (perimpecas.com.br)
[338/346] VALVULA ESC. M. BENZ SPRINTER OM651 315/415 (OEM: 261141 KS)
    query: 261141KS sprinter
      10 rechazados por validación de título
    query: "261141 KS"
      6 rechazados por validación de título
    query: A261141KS sprinter
      10 rechazados por validación de título
    query: 261141KS VALVULA ESC M BENZ SPRINTER OM651 315 415
      10 rechazados por validación de título
    query: 0127 sprinter
      10 rechazados por validación de título
    SIN RESULTADOS
[339/346] VALVULAS M. BENZ OM651 SPRINTER 415/515 ADM (OEM: VA-0481563 STD)
    query: VA0481563STD sprinter
      9 rechazados por validación de título
    query: "VA-0481563 STD"
      6 rechazados por validación de título
    query: AVA0481563STD sprinter
      10 rechazados por validación de título
    query: VA0481563STD VALVULAS M BENZ OM651 SPRINTER 415 515 ADM
      7 rechazados por validación de título
      -> OK: https://http2.mlstatic.com/D_NQ_NP_874064-MLA40590988929_012020-O.webp (www.mercadolibre.com.ar)
[340/346] VALVULAS M. BENZ OM651 SPRINTER 515 (OEM: VE-0481564 STD)
    query: VE0481564STD sprinter
      9 rechazados por validación de título
    query: "VE-0481564 STD"
      4 rechazados por validación de título
    query: AVE0481564STD sprinter
      10 rechazados por validación de título
    query: VE0481564STD VALVULAS M BENZ OM651 SPRINTER 515
      8 rechazados por validación de título
      -> OK: https://http2.mlstatic.com/D_NQ_NP_982289-MLA96195831116_102025-O.webp (www.mercadolibre.com.ar)
[341/346] VOLANTE BIMASA M. BENZ SPRINTER 516, CRAFTER 35 19/... (OEM: 415.0942.10)
    query: 415094210 sprinter
      1 rechazados por validación de título
      -> OK: https://cdn.autodoc.de/thumb?id=16165299&m=0&n=1&lng=es&rev=94078066 (www.autodoc.es)
[342/346] VOLANTE BIMASA M. BENZ SPRINTER OM611LA  (313/413) (OEM: 415.0239.10)
    query: 415023910 sprinter
      1 rechazados por validación de título
      -> OK: https://digital-assets.tecalliance.services/images/3200/1d304b73684a4a75b4366311063a1b016bf31013.jpg (www.ebay.co.uk)
[343/346] VOLANTE BIMASA M. BENZ SPRINTER OM651 315/ 415/515 CDI (OEM: 415.0660.10)
    query: 415066010 sprinter
      1 rechazados por validación de título
      -> OK: https://autofixaproduploads.blob.core.windows.net/admin/gsf/7089_LUK415066010.jpg?New (www.ebay.co.uk)
[344/346] VOLANTE DE MOTOR OM651 SPRINTER 516 ORIGINAL (OEM: 651 030 0900)
    query: 6510300900 sprinter
      5 rechazados por validación de título
      -> OK: https://http2.mlstatic.com/D_NQ_NP_744788-MLA91205149192_092025-O.webp (www.mercadolibre.com.ar)
[345/346] ZAPATA FRENO MANO M. BENZ SPRINTER 313 (OEM: 002 420 58.20)
    query: 0024205820 sprinter
      4 rechazados por validación de título
      -> OK: https://cdn.awsli.com.br/2500x2500/1142/1142868/produto/44702309/sapata-freio-mao-4-pecas-apos-2002-peque-mercedes-sprinter-2002-em-diante-002420-qktwxd8xws.jpg (www.superdiesel.com.br)
[346/346] ZAPATA FRENO MANO SPRINTER 515 CON RESORTE (OEM: 0142400836)
    query: 0142400836 sprinter
      9 rechazados por validación de título
      -> OK: https://i.ebayimg.com/images/g/zbEAAeSwcHZottmN/s-l1200.jpg (www.ebay.com)

── Resumen ─────────────────────────────
  ok: 336
  sin_resultados: 10
  errores: 0
  dry_run: 0
Manifiesto: D:\tempo\claudecode\repuestosallende\my-app\scrapping\manifiesto.jsonl
